-- MySQL dump 10.13  Distrib 8.0.42, for Win64 (x86_64)
--
-- Host: localhost    Database: STOREDB
-- ------------------------------------------------------
-- Server version	8.0.42

/*!40101 SET @OLD_CHARACTER_SET_CLIENT=@@CHARACTER_SET_CLIENT */;
/*!40101 SET @OLD_CHARACTER_SET_RESULTS=@@CHARACTER_SET_RESULTS */;
/*!40101 SET @OLD_COLLATION_CONNECTION=@@COLLATION_CONNECTION */;
/*!50503 SET NAMES utf8mb4 */;
/*!40103 SET @OLD_TIME_ZONE=@@TIME_ZONE */;
/*!40103 SET TIME_ZONE='+00:00' */;
/*!40014 SET @OLD_UNIQUE_CHECKS=@@UNIQUE_CHECKS, UNIQUE_CHECKS=0 */;
/*!40014 SET @OLD_FOREIGN_KEY_CHECKS=@@FOREIGN_KEY_CHECKS, FOREIGN_KEY_CHECKS=0 */;
/*!40101 SET @OLD_SQL_MODE=@@SQL_MODE, SQL_MODE='NO_AUTO_VALUE_ON_ZERO' */;
/*!40111 SET @OLD_SQL_NOTES=@@SQL_NOTES, SQL_NOTES=0 */;

--
-- Table structure for table `alembic_version`
--

DROP TABLE IF EXISTS `alembic_version`;
/*!40101 SET @saved_cs_client     = @@character_set_client */;
/*!50503 SET character_set_client = utf8mb4 */;
CREATE TABLE `alembic_version` (
  `version_num` varchar(32) CHARACTER SET utf8mb4 COLLATE utf8mb4_unicode_ci NOT NULL,
  PRIMARY KEY (`version_num`)
) ENGINE=InnoDB DEFAULT CHARSET=utf8mb4 COLLATE=utf8mb4_unicode_ci;
/*!40101 SET character_set_client = @saved_cs_client */;

--
-- Dumping data for table `alembic_version`
--

LOCK TABLES `alembic_version` WRITE;
/*!40000 ALTER TABLE `alembic_version` DISABLE KEYS */;
INSERT INTO `alembic_version` VALUES ('3ea9be2165ce');
/*!40000 ALTER TABLE `alembic_version` ENABLE KEYS */;
UNLOCK TABLES;

--
-- Table structure for table `detalle_venta`
--

DROP TABLE IF EXISTS `detalle_venta`;
/*!40101 SET @saved_cs_client     = @@character_set_client */;
/*!50503 SET character_set_client = utf8mb4 */;
CREATE TABLE `detalle_venta` (
  `detalle_venta_id` int NOT NULL AUTO_INCREMENT,
  `venta_id` int NOT NULL,
  `producto_id` int NOT NULL,
  `cantidad` int NOT NULL,
  `precio` float NOT NULL,
  `total` float NOT NULL,
  PRIMARY KEY (`detalle_venta_id`),
  KEY `producto_id` (`producto_id`),
  KEY `venta_id` (`venta_id`),
  CONSTRAINT `detalle_venta_ibfk_1` FOREIGN KEY (`producto_id`) REFERENCES `productos` (`producto_id`),
  CONSTRAINT `detalle_venta_ibfk_2` FOREIGN KEY (`venta_id`) REFERENCES `ventas` (`venta_id`)
) ENGINE=InnoDB AUTO_INCREMENT=14608 DEFAULT CHARSET=utf8mb4 COLLATE=utf8mb4_unicode_ci;
/*!40101 SET character_set_client = @saved_cs_client */;

--
-- Dumping data for table `detalle_venta`
--

LOCK TABLES `detalle_venta` WRITE;
/*!40000 ALTER TABLE `detalle_venta` DISABLE KEYS */;
INSERT INTO `detalle_venta` VALUES (10921,1,8,1,325.99,325.99),(10922,1,20,3,79.99,239.97),(10923,1,12,2,72.5,145),(10936,5,13,2,95.25,190.5),(10939,7,19,3,215.6,646.8),(10940,7,16,3,68.4,205.2),(10941,7,6,2,152.45,304.9),(10942,7,3,1,63.75,63.75),(10960,13,12,2,72.5,145),(10961,13,19,1,215.6,215.6),(10962,13,18,1,90.75,90.75),(10968,15,2,1,198.3,198.3),(10969,15,15,3,135,405),(10970,15,8,2,325.99,651.98),(10971,15,6,1,152.45,152.45),(10972,15,17,3,125.8,377.4),(10976,17,10,1,49.99,49.99),(10977,17,15,2,135,270),(10978,17,20,2,79.99,159.98),(10979,18,7,1,210,210),(10980,18,9,1,189.9,189.9),(10981,18,18,3,90.75,272.25),(10982,18,20,1,79.99,79.99),(10983,19,14,2,60.1,120.2),(10984,20,2,2,198.3,396.6),(10985,20,20,3,79.99,239.97),(10986,20,17,1,125.8,125.8),(10987,20,9,1,189.9,189.9),(10988,20,1,1,134.5,134.5),(10989,21,16,3,68.4,205.2),(10990,21,15,1,135,135),(10998,24,20,3,79.99,239.97),(10999,24,13,3,95.25,285.75),(11000,24,18,2,90.75,181.5),(11001,24,8,1,325.99,325.99),(11006,26,12,2,72.5,145),(11007,26,2,2,198.3,396.6),(11008,26,19,2,215.6,431.2),(11009,27,6,2,152.45,304.9),(11010,27,15,3,135,405),(11011,27,14,1,60.1,60.1),(11012,28,11,3,110,330),(11013,28,1,1,134.5,134.5),(11014,28,18,2,90.75,181.5),(11015,29,8,2,325.99,651.98),(11016,29,5,2,87.2,174.4),(11017,29,11,3,110,330),(11018,29,14,2,60.1,120.2),(11036,36,4,2,145.9,291.8),(11037,36,12,1,72.5,72.5),(11038,36,18,3,90.75,272.25),(11039,36,17,2,125.8,251.6),(11040,36,16,2,68.4,136.8),(11041,37,7,3,210,630),(11042,38,11,3,110,330),(11043,38,5,1,87.2,87.2),(11044,38,18,2,90.75,181.5),(11052,41,18,3,90.75,272.25),(11053,42,6,2,152.45,304.9),(11054,42,11,2,110,220),(11055,43,16,2,68.4,136.8),(11056,43,3,2,63.75,127.5),(11057,44,1,1,134.5,134.5),(11058,44,8,3,325.99,977.97),(11059,45,17,1,125.8,125.8),(11060,45,18,1,90.75,90.75),(11061,45,4,1,145.9,145.9),(11062,46,9,3,189.9,569.7),(11063,46,8,3,325.99,977.97),(11064,46,5,3,87.2,261.6),(11065,46,11,3,110,330),(11066,46,4,3,145.9,437.7),(11068,48,11,3,110,330),(11069,48,18,3,90.75,272.25),(11070,48,2,1,198.3,198.3),(11071,48,12,1,72.5,72.5),(11072,48,14,2,60.1,120.2),(11073,49,10,2,49.99,99.98),(11074,49,9,3,189.9,569.7),(11075,50,4,1,145.9,145.9),(11076,50,19,3,215.6,646.8),(11077,50,18,3,90.75,272.25),(11078,50,5,2,87.2,174.4),(11079,51,6,2,152.45,304.9),(11080,51,4,1,145.9,145.9),(11081,51,3,3,63.75,191.25),(11082,51,20,2,79.99,159.98),(11083,52,6,2,152.45,304.9),(11084,52,4,2,145.9,291.8),(11085,52,7,2,210,420),(11086,52,2,1,198.3,198.3),(11087,52,15,2,135,270),(11104,57,7,2,210,420),(11105,57,8,1,325.99,325.99),(11106,58,5,3,87.2,261.6),(11107,58,3,1,63.75,63.75),(11108,58,11,1,110,110),(11109,58,14,1,60.1,60.1),(11110,59,20,1,79.99,79.99),(11121,63,16,1,68.4,68.4),(11122,63,2,3,198.3,594.9),(11123,63,17,2,125.8,251.6),(11124,63,6,3,152.45,457.35),(11125,63,1,3,134.5,403.5),(11126,64,7,3,210,630),(11127,64,9,2,189.9,379.8),(11128,64,10,3,49.99,149.97),(11129,65,1,1,134.5,134.5),(11130,65,6,1,152.45,152.45),(11132,67,1,3,134.5,403.5),(11140,70,2,3,198.3,594.9),(11141,70,13,3,95.25,285.75),(11142,71,5,3,87.2,261.6),(11143,71,18,2,90.75,181.5),(11147,73,12,2,72.5,145),(11148,73,7,2,210,420),(11149,73,16,2,68.4,136.8),(11150,73,14,2,60.1,120.2),(11151,73,9,1,189.9,189.9),(11152,74,16,3,68.4,205.2),(11153,74,2,3,198.3,594.9),(11156,76,7,2,210,420),(11157,76,5,3,87.2,261.6),(11163,78,8,2,325.99,651.98),(11164,78,15,2,135,270),(11165,78,19,1,215.6,215.6),(11166,78,5,2,87.2,174.4),(11176,81,7,2,210,420),(11177,81,2,1,198.3,198.3),(11178,81,11,2,110,220),(11179,81,6,3,152.45,457.35),(11180,81,4,1,145.9,145.9),(11181,82,7,2,210,420),(11182,83,20,3,79.99,239.97),(11183,83,13,1,95.25,95.25),(11184,83,16,1,68.4,68.4),(11185,84,11,1,110,110),(11186,84,5,3,87.2,261.6),(11187,84,13,3,95.25,285.75),(11188,85,4,3,145.9,437.7),(11189,85,17,3,125.8,377.4),(11190,86,17,3,125.8,377.4),(11191,86,7,3,210,630),(11192,86,19,2,215.6,431.2),(11193,86,6,2,152.45,304.9),(11194,87,9,3,189.9,569.7),(11195,87,1,2,134.5,269),(11196,87,5,2,87.2,174.4),(11197,88,16,1,68.4,68.4),(11198,88,15,2,135,270),(11199,88,5,2,87.2,174.4),(11200,89,1,2,134.5,269),(11201,89,18,1,90.75,90.75),(11202,89,8,1,325.99,325.99),(11203,89,15,2,135,270),(11204,90,7,1,210,210),(11205,90,15,2,135,270),(11206,90,20,2,79.99,159.98),(11207,90,8,2,325.99,651.98),(11210,92,3,1,63.75,63.75),(11211,92,5,1,87.2,87.2),(11212,92,11,2,110,220),(11213,92,4,1,145.9,145.9),(11214,92,9,3,189.9,569.7),(11220,95,14,3,60.1,180.3),(11221,96,20,1,79.99,79.99),(11222,96,10,2,49.99,99.98),(11223,96,2,3,198.3,594.9),(11224,97,18,2,90.75,181.5),(11225,97,16,3,68.4,205.2),(11226,97,13,3,95.25,285.75),(11227,97,14,2,60.1,120.2),(11228,97,2,3,198.3,594.9),(11234,99,18,1,90.75,90.75),(11235,99,17,3,125.8,377.4),(11236,99,15,2,135,270),(11242,102,9,1,189.9,189.9),(11243,102,14,3,60.1,180.3),(11244,102,4,1,145.9,145.9),(11245,102,17,2,125.8,251.6),(11246,102,16,1,68.4,68.4),(11247,103,17,3,125.8,377.4),(11248,103,2,1,198.3,198.3),(11249,103,5,1,87.2,87.2),(11250,103,14,2,60.1,120.2),(11251,103,12,3,72.5,217.5),(11252,104,17,3,125.8,377.4),(11253,104,7,2,210,420),(11254,104,6,2,152.45,304.9),(11260,106,11,3,110,330),(11261,106,3,2,63.75,127.5),(11262,106,5,1,87.2,87.2),(11263,106,16,3,68.4,205.2),(11264,107,18,2,90.75,181.5),(11265,108,10,1,49.99,49.99),(11266,108,18,2,90.75,181.5),(11267,109,9,3,189.9,569.7),(11268,109,7,3,210,630),(11280,114,10,1,49.99,49.99),(11281,114,5,3,87.2,261.6),(11282,114,14,1,60.1,60.1),(11285,116,6,3,152.45,457.35),(11286,116,15,1,135,135),(11287,116,18,2,90.75,181.5),(11288,117,1,1,134.5,134.5),(11289,117,5,2,87.2,174.4),(11290,117,13,1,95.25,95.25),(11291,118,12,2,72.5,145),(11301,122,10,2,49.99,99.98),(11302,122,3,3,63.75,191.25),(11303,122,4,3,145.9,437.7),(11304,122,1,1,134.5,134.5),(11305,123,11,3,110,330),(11308,125,18,3,90.75,272.25),(11309,125,5,1,87.2,87.2),(11310,125,16,1,68.4,68.4),(11311,125,19,2,215.6,431.2),(11312,125,17,1,125.8,125.8),(11314,127,15,3,135,405),(11315,127,20,2,79.99,159.98),(11316,127,19,1,215.6,215.6),(11317,127,10,1,49.99,49.99),(11318,127,7,2,210,420),(11321,129,20,2,79.99,159.98),(11322,129,10,3,49.99,149.97),(11323,129,14,3,60.1,180.3),(11328,131,15,1,135,135),(11329,131,14,2,60.1,120.2),(11340,135,2,1,198.3,198.3),(11341,135,10,3,49.99,149.97),(11342,136,20,3,79.99,239.97),(11343,136,17,3,125.8,377.4),(11344,136,15,1,135,135),(11345,136,7,2,210,420),(11346,137,12,1,72.5,72.5),(11347,138,14,1,60.1,60.1),(11348,138,5,3,87.2,261.6),(11354,140,14,2,60.1,120.2),(11355,141,10,1,49.99,49.99),(11356,141,6,3,152.45,457.35),(11357,141,4,1,145.9,145.9),(11358,141,19,1,215.6,215.6),(11364,145,4,2,145.9,291.8),(11365,145,3,2,63.75,127.5),(11366,145,10,3,49.99,149.97),(11367,145,8,3,325.99,977.97),(11370,147,5,3,87.2,261.6),(11371,147,12,3,72.5,217.5),(11372,147,8,2,325.99,651.98),(11373,147,19,2,215.6,431.2),(11374,148,11,3,110,330),(11375,148,10,2,49.99,99.98),(11376,149,10,1,49.99,49.99),(11377,149,20,2,79.99,159.98),(11378,149,14,2,60.1,120.2),(11381,151,18,2,90.75,181.5),(11382,152,20,2,79.99,159.98),(11383,152,7,2,210,420),(11384,152,15,1,135,135),(11385,152,2,2,198.3,396.6),(11386,152,4,3,145.9,437.7),(11387,153,15,2,135,270),(11388,153,11,2,110,220),(11389,153,19,1,215.6,215.6),(11390,153,16,1,68.4,68.4),(11391,153,2,3,198.3,594.9),(11392,154,10,1,49.99,49.99),(11393,154,20,2,79.99,159.98),(11394,154,19,1,215.6,215.6),(11395,154,5,2,87.2,174.4),(11399,156,11,2,110,220),(11402,158,18,3,90.75,272.25),(11403,159,17,1,125.8,125.8),(11404,159,5,1,87.2,87.2),(11409,161,15,3,135,405),(11410,161,20,1,79.99,79.99),(11411,161,18,3,90.75,272.25),(11412,161,19,1,215.6,215.6),(11413,161,8,3,325.99,977.97),(11426,166,8,2,325.99,651.98),(11427,166,3,1,63.75,63.75),(11428,166,15,2,135,270),(11429,166,1,3,134.5,403.5),(11430,166,19,2,215.6,431.2),(11436,168,4,3,145.9,437.7),(11442,170,13,3,95.25,285.75),(11443,170,18,2,90.75,181.5),(11444,170,12,2,72.5,145),(11445,170,5,2,87.2,174.4),(11446,171,7,2,210,420),(11447,171,11,2,110,220),(11448,171,12,2,72.5,145),(11449,172,14,2,60.1,120.2),(11450,173,11,3,110,330),(11451,173,2,3,198.3,594.9),(11452,173,7,3,210,630),(11453,173,13,2,95.25,190.5),(11454,173,14,2,60.1,120.2),(11455,174,3,1,63.75,63.75),(11456,174,7,1,210,210),(11457,174,18,2,90.75,181.5),(11458,174,15,2,135,270),(11459,175,16,2,68.4,136.8),(11460,175,9,3,189.9,569.7),(11462,177,11,1,110,110),(11463,177,17,3,125.8,377.4),(11464,177,8,3,325.99,977.97),(11465,178,14,1,60.1,60.1),(11466,178,8,1,325.99,325.99),(11467,178,1,3,134.5,403.5),(11468,179,2,3,198.3,594.9),(11469,179,5,2,87.2,174.4),(11470,180,2,1,198.3,198.3),(11471,180,1,1,134.5,134.5),(11472,180,13,3,95.25,285.75),(11473,181,8,3,325.99,977.97),(11474,181,3,3,63.75,191.25),(11475,181,20,3,79.99,239.97),(11476,182,4,1,145.9,145.9),(11477,182,16,2,68.4,136.8),(11478,182,20,2,79.99,159.98),(11479,183,2,3,198.3,594.9),(11480,183,17,2,125.8,251.6),(11481,183,3,1,63.75,63.75),(11482,183,4,1,145.9,145.9),(11483,183,5,2,87.2,174.4),(11484,184,3,3,63.75,191.25),(11485,184,7,1,210,210),(11486,184,1,3,134.5,403.5),(11487,184,8,2,325.99,651.98),(11488,185,5,3,87.2,261.6),(11489,185,11,1,110,110),(11490,185,18,3,90.75,272.25),(11491,185,4,1,145.9,145.9),(11492,185,15,3,135,405),(11493,186,7,2,210,420),(11494,186,16,1,68.4,68.4),(11495,186,5,2,87.2,174.4),(11496,186,10,2,49.99,99.98),(11497,187,20,2,79.99,159.98),(11498,187,13,2,95.25,190.5),(11499,187,2,1,198.3,198.3),(11500,187,7,3,210,630),(11503,189,14,3,60.1,180.3),(11504,189,5,3,87.2,261.6),(11505,189,17,1,125.8,125.8),(11506,189,4,3,145.9,437.7),(11507,189,9,3,189.9,569.7),(11508,190,4,2,145.9,291.8),(11509,190,14,1,60.1,60.1),(11510,190,3,1,63.75,63.75),(11519,193,1,2,134.5,269),(11520,193,9,3,189.9,569.7),(11521,194,1,1,134.5,134.5),(11528,197,11,2,110,220),(11529,197,14,3,60.1,180.3),(11530,198,7,2,210,420),(11531,198,2,3,198.3,594.9),(11538,201,1,1,134.5,134.5),(11539,201,12,2,72.5,145),(11540,201,7,2,210,420),(11541,201,9,3,189.9,569.7),(11542,201,16,2,68.4,136.8),(11545,203,13,1,95.25,95.25),(11546,203,4,1,145.9,145.9),(11547,203,9,3,189.9,569.7),(11548,203,2,1,198.3,198.3),(11551,205,9,2,189.9,379.8),(11552,205,14,2,60.1,120.2),(11553,205,4,1,145.9,145.9),(11554,205,13,2,95.25,190.5),(11563,209,4,1,145.9,145.9),(11564,209,16,1,68.4,68.4),(11565,209,15,3,135,405),(11566,210,10,2,49.99,99.98),(11567,210,15,1,135,135),(11568,210,4,3,145.9,437.7),(11569,210,2,2,198.3,396.6),(11576,213,7,3,210,630),(11578,215,2,2,198.3,396.6),(11579,215,13,2,95.25,190.5),(11588,218,20,2,79.99,159.98),(11589,218,1,2,134.5,269),(11590,218,16,2,68.4,136.8),(11591,218,12,3,72.5,217.5),(11592,218,13,2,95.25,190.5),(11604,222,2,2,198.3,396.6),(11605,222,3,1,63.75,63.75),(11606,222,19,2,215.6,431.2),(11607,222,15,2,135,270),(11608,222,4,2,145.9,291.8),(11612,224,4,2,145.9,291.8),(11613,224,8,3,325.99,977.97),(11614,224,15,2,135,270),(11615,224,12,2,72.5,145),(11616,224,2,1,198.3,198.3),(11622,226,15,3,135,405),(11634,230,20,1,79.99,79.99),(11635,231,10,1,49.99,49.99),(11636,232,15,3,135,405),(11637,232,8,3,325.99,977.97),(11638,232,20,3,79.99,239.97),(11639,233,12,1,72.5,72.5),(11640,233,1,2,134.5,269),(11641,233,3,2,63.75,127.5),(11642,233,6,2,152.45,304.9),(11643,234,20,3,79.99,239.97),(11644,234,2,1,198.3,198.3),(11645,235,7,1,210,210),(11646,235,3,1,63.75,63.75),(11647,236,20,3,79.99,239.97),(11648,236,18,2,90.75,181.5),(11652,238,13,2,95.25,190.5),(11653,238,6,3,152.45,457.35),(11654,238,4,3,145.9,437.7),(11655,239,11,3,110,330),(11659,242,1,3,134.5,403.5),(11660,242,4,3,145.9,437.7),(11661,242,14,1,60.1,60.1),(11667,245,15,1,135,135),(11673,247,14,3,60.1,180.3),(11674,247,12,3,72.5,217.5),(11675,247,16,1,68.4,68.4),(11676,247,10,2,49.99,99.98),(11677,247,1,3,134.5,403.5),(11678,248,19,3,215.6,646.8),(11679,248,12,1,72.5,72.5),(11680,248,10,2,49.99,99.98),(11681,248,6,3,152.45,457.35),(11682,248,4,2,145.9,291.8),(11683,249,14,3,60.1,180.3),(11684,249,7,1,210,210),(11685,249,1,3,134.5,403.5),(11686,249,18,3,90.75,272.25),(11696,252,6,2,152.45,304.9),(11697,252,1,1,134.5,134.5),(11698,252,16,2,68.4,136.8),(11699,252,12,3,72.5,217.5),(11700,253,3,3,63.75,191.25),(11701,253,11,3,110,330),(11702,253,5,2,87.2,174.4),(11703,254,8,2,325.99,651.98),(11704,254,15,1,135,135),(11706,256,10,3,49.99,149.97),(11707,256,18,2,90.75,181.5),(11708,256,2,3,198.3,594.9),(11709,256,13,3,95.25,285.75),(11713,258,11,3,110,330),(11714,258,12,2,72.5,145),(11715,258,7,1,210,210),(11716,258,8,1,325.99,325.99),(11717,258,9,3,189.9,569.7),(11718,259,9,3,189.9,569.7),(11719,259,8,1,325.99,325.99),(11720,259,19,2,215.6,431.2),(11721,259,17,1,125.8,125.8),(11722,259,1,1,134.5,134.5),(11725,261,12,1,72.5,72.5),(11726,261,8,3,325.99,977.97),(11727,261,14,3,60.1,180.3),(11728,261,4,2,145.9,291.8),(11732,264,13,3,95.25,285.75),(11733,264,6,3,152.45,457.35),(11734,264,20,3,79.99,239.97),(11735,264,16,2,68.4,136.8),(11736,264,5,3,87.2,261.6),(11751,270,4,2,145.9,291.8),(11758,273,15,3,135,405),(11759,273,7,3,210,630),(11760,273,4,1,145.9,145.9),(11761,273,5,1,87.2,87.2),(11762,273,9,1,189.9,189.9),(11763,274,16,1,68.4,68.4),(11764,274,10,2,49.99,99.98),(11765,274,15,2,135,270),(11766,274,18,3,90.75,272.25),(11767,275,2,1,198.3,198.3),(11769,277,18,2,90.75,181.5),(11770,277,14,2,60.1,120.2),(11771,277,9,2,189.9,379.8),(11772,277,1,1,134.5,134.5),(11773,277,20,2,79.99,159.98),(11778,279,11,3,110,330),(11779,279,14,3,60.1,180.3),(11780,279,7,1,210,210),(11781,279,2,1,198.3,198.3),(11782,279,12,2,72.5,145),(11786,281,9,1,189.9,189.9),(11787,281,4,2,145.9,291.8),(11788,281,7,2,210,420),(11792,283,14,1,60.1,60.1),(11793,283,17,1,125.8,125.8),(11794,283,6,2,152.45,304.9),(11795,283,9,3,189.9,569.7),(11796,283,11,1,110,110),(11797,284,4,2,145.9,291.8),(11798,284,2,1,198.3,198.3),(11799,284,17,1,125.8,125.8),(11800,284,13,3,95.25,285.75),(11801,284,20,2,79.99,159.98),(11802,285,7,1,210,210),(11803,285,19,1,215.6,215.6),(11819,290,18,2,90.75,181.5),(11820,290,10,1,49.99,49.99),(11821,290,13,1,95.25,95.25),(11822,290,6,3,152.45,457.35),(11823,291,15,3,135,405),(11824,291,10,1,49.99,49.99),(11829,293,2,3,198.3,594.9),(11830,293,12,3,72.5,217.5),(11831,293,9,2,189.9,379.8),(11832,293,14,2,60.1,120.2),(11838,295,20,3,79.99,239.97),(11839,296,9,2,189.9,379.8),(11840,296,16,1,68.4,68.4),(11841,296,1,2,134.5,269),(11842,296,4,2,145.9,291.8),(11843,297,2,3,198.3,594.9),(11848,299,7,2,210,420),(11849,299,12,3,72.5,217.5),(11850,299,18,2,90.75,181.5),(11854,301,10,1,49.99,49.99),(11855,301,11,2,110,220),(11856,301,4,2,145.9,291.8),(11857,301,8,2,325.99,651.98),(11868,304,19,2,215.6,431.2),(11869,304,1,1,134.5,134.5),(11870,305,9,1,189.9,189.9),(11871,305,10,3,49.99,149.97),(11872,305,5,3,87.2,261.6),(11873,305,3,3,63.75,191.25),(11874,306,15,1,135,135),(11875,306,18,2,90.75,181.5),(11876,306,2,2,198.3,396.6),(11877,306,3,1,63.75,63.75),(11880,308,4,1,145.9,145.9),(11890,311,12,1,72.5,72.5),(11893,313,20,2,79.99,159.98),(11894,313,9,2,189.9,379.8),(11895,313,17,3,125.8,377.4),(11897,315,16,2,68.4,136.8),(11898,315,10,3,49.99,149.97),(11899,315,9,3,189.9,569.7),(11900,316,16,1,68.4,68.4),(11901,316,17,2,125.8,251.6),(11902,316,4,1,145.9,145.9),(11903,316,18,2,90.75,181.5),(11908,319,17,1,125.8,125.8),(11909,319,19,1,215.6,215.6),(11910,319,4,2,145.9,291.8),(11911,319,10,2,49.99,99.98),(11912,320,6,3,152.45,457.35),(11913,321,5,3,87.2,261.6),(11914,321,16,2,68.4,136.8),(11915,321,18,2,90.75,181.5),(11916,321,17,3,125.8,377.4),(11917,322,10,3,49.99,149.97),(11925,325,19,3,215.6,646.8),(11926,326,12,3,72.5,217.5),(11927,326,2,1,198.3,198.3),(11928,326,1,3,134.5,403.5),(11938,329,9,3,189.9,569.7),(11939,330,17,1,125.8,125.8),(11940,330,8,1,325.99,325.99),(11941,331,16,2,68.4,136.8),(11944,333,1,1,134.5,134.5),(11945,333,5,3,87.2,261.6),(11946,333,7,2,210,420),(11947,333,9,3,189.9,569.7),(11955,336,4,3,145.9,437.7),(11956,336,14,3,60.1,180.3),(11957,336,13,3,95.25,285.75),(11958,337,8,3,325.99,977.97),(11959,337,11,3,110,330),(11960,337,10,3,49.99,149.97),(11961,337,9,1,189.9,189.9),(11964,339,6,3,152.45,457.35),(11965,339,4,2,145.9,291.8),(11966,339,13,3,95.25,285.75),(11967,339,2,2,198.3,396.6),(11968,339,15,1,135,135),(11969,340,5,2,87.2,174.4),(11970,340,19,2,215.6,431.2),(11971,340,15,3,135,405),(11972,341,17,1,125.8,125.8),(11986,346,10,3,49.99,149.97),(11987,346,15,2,135,270),(11988,346,2,2,198.3,396.6),(11992,349,18,3,90.75,272.25),(11993,349,12,2,72.5,145),(11999,352,2,2,198.3,396.6),(12000,353,13,2,95.25,190.5),(12001,353,10,2,49.99,99.98),(12013,357,11,1,110,110),(12014,357,8,2,325.99,651.98),(12015,358,12,1,72.5,72.5),(12016,359,15,1,135,135),(12017,359,17,2,125.8,251.6),(12018,359,5,3,87.2,261.6),(12019,359,14,2,60.1,120.2),(12020,359,1,1,134.5,134.5),(12021,360,20,2,79.99,159.98),(12022,360,2,3,198.3,594.9),(12023,360,6,1,152.45,152.45),(12024,360,19,3,215.6,646.8),(12032,364,3,3,63.75,191.25),(12033,364,6,3,152.45,457.35),(12034,364,18,1,90.75,90.75),(12040,366,10,2,49.99,99.98),(12041,367,13,3,95.25,285.75),(12042,367,5,1,87.2,87.2),(12043,367,6,2,152.45,304.9),(12044,367,4,3,145.9,437.7),(12045,368,8,3,325.99,977.97),(12046,368,16,3,68.4,205.2),(12047,368,14,2,60.1,120.2),(12055,372,14,2,60.1,120.2),(12056,372,15,1,135,135),(12057,372,18,3,90.75,272.25),(12058,372,8,2,325.99,651.98),(12067,375,6,2,152.45,304.9),(12068,375,13,1,95.25,95.25),(12069,375,16,1,68.4,68.4),(12070,375,10,2,49.99,99.98),(12071,375,7,2,210,420),(12074,377,18,3,90.75,272.25),(12075,377,2,2,198.3,396.6),(12076,377,9,2,189.9,379.8),(12077,378,11,3,110,330),(12078,378,2,2,198.3,396.6),(12079,379,16,1,68.4,68.4),(12080,379,1,2,134.5,269),(12081,379,2,2,198.3,396.6),(12082,379,15,1,135,135),(12083,379,18,1,90.75,90.75),(12087,381,8,2,325.99,651.98),(12088,381,2,2,198.3,396.6),(12089,382,1,1,134.5,134.5),(12090,382,18,1,90.75,90.75),(12091,382,17,1,125.8,125.8),(12094,384,14,1,60.1,60.1),(12095,385,11,2,110,220),(12096,385,1,3,134.5,403.5),(12097,385,18,3,90.75,272.25),(12098,386,6,3,152.45,457.35),(12099,386,12,1,72.5,72.5),(12106,389,12,2,72.5,145),(12107,389,3,3,63.75,191.25),(12108,389,5,1,87.2,87.2),(12109,389,10,3,49.99,149.97),(12111,391,6,2,152.45,304.9),(12112,391,5,2,87.2,174.4),(12113,391,1,2,134.5,269),(12114,391,20,2,79.99,159.98),(12115,391,9,1,189.9,189.9),(12119,393,20,3,79.99,239.97),(12124,395,18,3,90.75,272.25),(12125,395,8,2,325.99,651.98),(12135,399,18,3,90.75,272.25),(12136,399,14,1,60.1,60.1),(12137,399,5,2,87.2,174.4),(12138,399,10,1,49.99,49.99),(12139,399,19,1,215.6,215.6),(12142,401,5,1,87.2,87.2),(12143,401,2,2,198.3,396.6),(12144,401,16,2,68.4,136.8),(12150,403,13,2,95.25,190.5),(12151,403,20,1,79.99,79.99),(12156,405,8,2,325.99,651.98),(12157,405,7,1,210,210),(12164,409,16,3,68.4,205.2),(12173,412,10,1,49.99,49.99),(12174,412,5,1,87.2,87.2),(12175,413,9,2,189.9,379.8),(12176,413,6,1,152.45,152.45),(12177,413,12,2,72.5,145),(12178,413,4,2,145.9,291.8),(12182,415,11,2,110,220),(12183,415,2,3,198.3,594.9),(12184,416,7,3,210,630),(12185,416,3,2,63.75,127.5),(12186,416,6,3,152.45,457.35),(12187,416,8,3,325.99,977.97),(12194,419,6,3,152.45,457.35),(12197,422,17,1,125.8,125.8),(12198,423,2,1,198.3,198.3),(12199,423,10,2,49.99,99.98),(12200,423,9,2,189.9,379.8),(12201,423,4,3,145.9,437.7),(12202,424,20,1,79.99,79.99),(12203,424,6,1,152.45,152.45),(12204,424,2,1,198.3,198.3),(12205,424,16,3,68.4,205.2),(12206,424,11,3,110,330),(12215,428,13,2,95.25,190.5),(12223,431,9,1,189.9,189.9),(12228,433,18,3,90.75,272.25),(12229,433,11,1,110,110),(12230,433,13,1,95.25,95.25),(12231,433,16,1,68.4,68.4),(12246,438,9,3,189.9,569.7),(12247,438,19,3,215.6,646.8),(12248,438,8,3,325.99,977.97),(12249,438,5,1,87.2,87.2),(12263,443,13,1,95.25,95.25),(12264,444,16,3,68.4,205.2),(12265,444,10,3,49.99,149.97),(12266,444,6,2,152.45,304.9),(12275,447,19,2,215.6,431.2),(12276,447,2,3,198.3,594.9),(12277,448,16,2,68.4,136.8),(12278,449,4,1,145.9,145.9),(12288,452,2,1,198.3,198.3),(12289,452,9,3,189.9,569.7),(12290,452,19,1,215.6,215.6),(12299,456,8,3,325.99,977.97),(12300,456,17,1,125.8,125.8),(12301,456,7,3,210,630),(12304,458,17,3,125.8,377.4),(12305,458,12,2,72.5,145),(12306,458,20,3,79.99,239.97),(12307,458,6,1,152.45,152.45),(12308,458,15,2,135,270),(12309,459,13,1,95.25,95.25),(12310,459,14,3,60.1,180.3),(12317,462,13,3,95.25,285.75),(12318,462,5,3,87.2,261.6),(12319,462,3,1,63.75,63.75),(12320,462,10,3,49.99,149.97),(12321,462,8,1,325.99,325.99),(12326,464,7,3,210,630),(12327,464,2,2,198.3,396.6),(12328,464,18,3,90.75,272.25),(12329,464,17,1,125.8,125.8),(12330,464,14,1,60.1,60.1),(12331,465,17,3,125.8,377.4),(12337,467,17,1,125.8,125.8),(12338,467,2,3,198.3,594.9),(12339,467,6,1,152.45,152.45),(12340,468,2,2,198.3,396.6),(12341,468,1,3,134.5,403.5),(12342,468,20,2,79.99,159.98),(12343,468,12,1,72.5,72.5),(12344,468,8,3,325.99,977.97),(12350,470,2,3,198.3,594.9),(12351,470,13,3,95.25,285.75),(12352,470,1,3,134.5,403.5),(12353,470,10,2,49.99,99.98),(12354,471,14,3,60.1,180.3),(12355,471,18,2,90.75,181.5),(12356,471,4,3,145.9,437.7),(12357,471,15,1,135,135),(12358,471,6,1,152.45,152.45),(12369,475,19,1,215.6,215.6),(12370,475,4,1,145.9,145.9),(12371,475,6,3,152.45,457.35),(12372,475,5,3,87.2,261.6),(12373,476,14,2,60.1,120.2),(12374,476,1,2,134.5,269),(12375,476,13,1,95.25,95.25),(12376,476,18,3,90.75,272.25),(12377,476,4,1,145.9,145.9),(12381,478,5,3,87.2,261.6),(12382,478,11,2,110,220),(12383,478,16,2,68.4,136.8),(12391,482,15,2,135,270),(12392,482,11,3,110,330),(12393,482,7,2,210,420),(12394,482,17,1,125.8,125.8),(12395,483,12,1,72.5,72.5),(12396,483,16,2,68.4,136.8),(12397,483,9,1,189.9,189.9),(12398,483,7,1,210,210),(12413,489,2,3,198.3,594.9),(12414,489,8,3,325.99,977.97),(12415,489,4,1,145.9,145.9),(12416,489,20,1,79.99,79.99),(12429,493,16,1,68.4,68.4),(12430,493,9,1,189.9,189.9),(12431,493,17,3,125.8,377.4),(12432,493,15,1,135,135),(12433,493,14,1,60.1,60.1),(12434,494,9,1,189.9,189.9),(12435,494,1,3,134.5,403.5),(12436,494,19,3,215.6,646.8),(12437,494,5,3,87.2,261.6),(12438,495,5,2,87.2,174.4),(12439,495,6,2,152.45,304.9),(12440,495,18,3,90.75,272.25),(12446,498,12,1,72.5,72.5),(12447,498,19,3,215.6,646.8),(12448,498,8,3,325.99,977.97),(12466,504,11,2,110,220),(12467,504,10,2,49.99,99.98),(12468,504,1,3,134.5,403.5),(12469,504,3,3,63.75,191.25),(12470,504,12,3,72.5,217.5),(12476,506,4,1,145.9,145.9),(12477,506,14,2,60.1,120.2),(12478,506,15,1,135,135),(12479,506,2,1,198.3,198.3),(12480,507,9,3,189.9,569.7),(12481,507,11,2,110,220),(12482,508,12,3,72.5,217.5),(12483,508,18,2,90.75,181.5),(12484,508,15,1,135,135),(12485,508,6,3,152.45,457.35),(12486,509,14,3,60.1,180.3),(12487,510,9,1,189.9,189.9),(12488,511,10,1,49.99,49.99),(12489,511,17,2,125.8,251.6),(12490,512,16,3,68.4,205.2),(12491,512,20,3,79.99,239.97),(12492,512,18,3,90.75,272.25),(12493,512,12,3,72.5,217.5),(12494,512,10,3,49.99,149.97),(12501,515,13,2,95.25,190.5),(12502,515,5,1,87.2,87.2),(12503,515,6,1,152.45,152.45),(12504,515,12,1,72.5,72.5),(12505,515,9,3,189.9,569.7),(12509,517,16,3,68.4,205.2),(12510,517,3,1,63.75,63.75),(12511,517,10,3,49.99,149.97),(12521,520,7,2,210,420),(12522,520,10,1,49.99,49.99),(12523,521,12,2,72.5,145),(12524,521,7,3,210,630),(12525,521,11,3,110,330),(12526,521,2,3,198.3,594.9),(12527,521,17,2,125.8,251.6),(12535,524,11,1,110,110),(12536,524,14,1,60.1,60.1),(12537,525,13,2,95.25,190.5),(12538,525,6,1,152.45,152.45),(12539,525,9,1,189.9,189.9),(12540,525,7,3,210,630),(12546,527,14,1,60.1,60.1),(12547,527,8,3,325.99,977.97),(12548,527,7,3,210,630),(12561,531,14,3,60.1,180.3),(12563,533,4,3,145.9,437.7),(12564,533,16,2,68.4,136.8),(12565,533,5,3,87.2,261.6),(12566,533,19,3,215.6,646.8),(12567,534,7,3,210,630),(12568,534,6,3,152.45,457.35),(12569,534,2,1,198.3,198.3),(12570,534,18,2,90.75,181.5),(12571,534,17,2,125.8,251.6),(12579,537,2,2,198.3,396.6),(12580,537,5,3,87.2,261.6),(12581,537,17,3,125.8,377.4),(12582,537,1,1,134.5,134.5),(12585,539,4,1,145.9,145.9),(12586,539,14,1,60.1,60.1),(12587,540,9,3,189.9,569.7),(12588,540,4,1,145.9,145.9),(12589,540,18,2,90.75,181.5),(12590,540,2,2,198.3,396.6),(12591,541,9,3,189.9,569.7),(12592,541,5,3,87.2,261.6),(12593,541,20,2,79.99,159.98),(12594,541,3,2,63.75,127.5),(12595,541,12,3,72.5,217.5),(12596,542,10,3,49.99,149.97),(12597,542,9,3,189.9,569.7),(12598,542,1,3,134.5,403.5),(12599,542,12,2,72.5,145),(12600,542,18,1,90.75,90.75),(12609,545,6,3,152.45,457.35),(12610,545,7,1,210,210),(12611,545,11,1,110,110),(12612,545,9,3,189.9,569.7),(12620,549,1,1,134.5,134.5),(12621,549,4,2,145.9,291.8),(12622,549,14,3,60.1,180.3),(12623,549,18,2,90.75,181.5),(12624,549,13,1,95.25,95.25),(12633,553,13,1,95.25,95.25),(12634,553,4,1,145.9,145.9),(12635,553,11,2,110,220),(12636,553,3,3,63.75,191.25),(12641,556,5,1,87.2,87.2),(12642,556,14,1,60.1,60.1),(12643,556,4,3,145.9,437.7),(12644,556,8,1,325.99,325.99),(12645,556,3,2,63.75,127.5),(12649,559,15,1,135,135),(12650,559,19,1,215.6,215.6),(12651,560,5,1,87.2,87.2),(12668,565,8,3,325.99,977.97),(12669,565,10,2,49.99,99.98),(12673,567,16,2,68.4,136.8),(12674,567,2,1,198.3,198.3),(12675,567,19,2,215.6,431.2),(12676,567,5,3,87.2,261.6),(12685,570,2,1,198.3,198.3),(12686,570,17,2,125.8,251.6),(12687,570,4,1,145.9,145.9),(12688,571,3,2,63.75,127.5),(12689,571,4,2,145.9,291.8),(12690,571,12,2,72.5,145),(12691,572,13,2,95.25,190.5),(12692,572,16,1,68.4,68.4),(12693,572,14,1,60.1,60.1),(12694,572,4,3,145.9,437.7),(12695,572,9,1,189.9,189.9),(12696,573,11,3,110,330),(12697,573,20,1,79.99,79.99),(12698,573,13,3,95.25,285.75),(12699,573,2,1,198.3,198.3),(12701,575,8,2,325.99,651.98),(12702,575,12,3,72.5,217.5),(12703,575,17,1,125.8,125.8),(12704,575,16,1,68.4,68.4),(12705,576,14,2,60.1,120.2),(12706,576,2,2,198.3,396.6),(12707,576,4,3,145.9,437.7),(12708,577,4,1,145.9,145.9),(12709,577,19,3,215.6,646.8),(12715,579,10,2,49.99,99.98),(12716,579,19,3,215.6,646.8),(12717,580,14,2,60.1,120.2),(12718,580,5,3,87.2,261.6),(12719,580,13,2,95.25,190.5),(12720,580,4,2,145.9,291.8),(12726,582,2,1,198.3,198.3),(12727,582,3,2,63.75,127.5),(12728,582,19,3,215.6,646.8),(12729,582,13,1,95.25,95.25),(12730,582,4,2,145.9,291.8),(12736,584,17,1,125.8,125.8),(12737,584,20,1,79.99,79.99),(12738,584,1,2,134.5,269),(12739,584,3,2,63.75,127.5),(12740,584,10,2,49.99,99.98),(12745,586,13,2,95.25,190.5),(12746,587,11,2,110,220),(12747,587,12,2,72.5,145),(12748,587,16,2,68.4,136.8),(12749,587,4,3,145.9,437.7),(12752,589,5,1,87.2,87.2),(12753,589,6,1,152.45,152.45),(12761,592,4,3,145.9,437.7),(12762,593,11,2,110,220),(12763,593,15,3,135,405),(12764,593,8,2,325.99,651.98),(12768,596,7,1,210,210),(12769,597,1,3,134.5,403.5),(12770,597,14,2,60.1,120.2),(12771,597,20,3,79.99,239.97),(12772,597,16,2,68.4,136.8),(12773,597,5,2,87.2,174.4),(12774,598,7,3,210,630),(12804,607,12,1,72.5,72.5),(12805,607,20,1,79.99,79.99),(12806,607,2,3,198.3,594.9),(12807,607,3,3,63.75,191.25),(12808,608,15,2,135,270),(12809,608,11,2,110,220),(12810,608,19,1,215.6,215.6),(12811,608,13,2,95.25,190.5),(12812,608,14,3,60.1,180.3),(12815,610,3,2,63.75,127.5),(12816,610,13,2,95.25,190.5),(12817,610,20,2,79.99,159.98),(12818,610,12,3,72.5,217.5),(12819,610,14,1,60.1,60.1),(12822,612,3,3,63.75,191.25),(12823,612,16,3,68.4,205.2),(12824,612,10,1,49.99,49.99),(12825,612,11,1,110,110),(12826,612,4,1,145.9,145.9),(12832,616,20,3,79.99,239.97),(12833,616,8,3,325.99,977.97),(12834,616,13,1,95.25,95.25),(12835,617,8,3,325.99,977.97),(12836,617,2,2,198.3,396.6),(12837,617,12,3,72.5,217.5),(12838,617,6,3,152.45,457.35),(12843,619,20,1,79.99,79.99),(12844,619,11,3,110,330),(12845,619,18,1,90.75,90.75),(12859,623,9,2,189.9,379.8),(12870,627,8,2,325.99,651.98),(12871,627,19,1,215.6,215.6),(12872,627,14,3,60.1,180.3),(12873,627,10,3,49.99,149.97),(12881,630,19,3,215.6,646.8),(12882,630,8,2,325.99,651.98),(12885,632,7,3,210,630),(12886,632,8,2,325.99,651.98),(12887,632,18,3,90.75,272.25),(12888,632,14,1,60.1,60.1),(12889,632,12,2,72.5,145),(12891,634,5,1,87.2,87.2),(12892,635,13,1,95.25,95.25),(12893,635,15,3,135,405),(12894,635,11,3,110,330),(12897,637,16,1,68.4,68.4),(12898,637,13,3,95.25,285.75),(12905,641,4,1,145.9,145.9),(12906,641,6,1,152.45,152.45),(12907,642,19,1,215.6,215.6),(12908,642,12,3,72.5,217.5),(12909,642,16,1,68.4,68.4),(12910,642,9,2,189.9,379.8),(12911,642,8,2,325.99,651.98),(12922,646,20,3,79.99,239.97),(12923,646,16,3,68.4,205.2),(12924,646,8,2,325.99,651.98),(12925,647,20,2,79.99,159.98),(12926,647,18,2,90.75,181.5),(12927,647,9,2,189.9,379.8),(12928,647,16,2,68.4,136.8),(12930,649,20,2,79.99,159.98),(12934,651,13,2,95.25,190.5),(12935,651,10,2,49.99,99.98),(12941,654,20,2,79.99,159.98),(12942,654,11,2,110,220),(12943,654,9,3,189.9,569.7),(12944,654,4,3,145.9,437.7),(12955,659,11,1,110,110),(12956,659,3,1,63.75,63.75),(12957,660,8,1,325.99,325.99),(12958,660,9,2,189.9,379.8),(12959,660,1,1,134.5,134.5),(12960,660,18,2,90.75,181.5),(12966,662,19,2,215.6,431.2),(12967,662,13,2,95.25,190.5),(12968,662,3,2,63.75,127.5),(12969,663,4,2,145.9,291.8),(12970,664,12,2,72.5,145),(12971,664,18,1,90.75,90.75),(12972,664,14,2,60.1,120.2),(12973,664,2,1,198.3,198.3),(12987,669,19,3,215.6,646.8),(12988,670,3,3,63.75,191.25),(12989,670,14,3,60.1,180.3),(12990,670,8,3,325.99,977.97),(12991,670,18,2,90.75,181.5),(13001,673,5,2,87.2,174.4),(13002,674,11,1,110,110),(13003,674,10,1,49.99,49.99),(13004,674,2,2,198.3,396.6),(13005,674,18,2,90.75,181.5),(13009,676,17,2,125.8,251.6),(13015,679,14,3,60.1,180.3),(13016,679,4,3,145.9,437.7),(13017,679,3,1,63.75,63.75),(13018,679,7,2,210,420),(13019,680,13,1,95.25,95.25),(13020,680,18,1,90.75,90.75),(13021,680,9,2,189.9,379.8),(13022,681,9,2,189.9,379.8),(13023,681,20,2,79.99,159.98),(13024,681,11,1,110,110),(13025,682,11,2,110,220),(13026,682,9,3,189.9,569.7),(13027,682,14,2,60.1,120.2),(13028,682,13,1,95.25,95.25),(13029,682,15,1,135,135),(13031,684,10,1,49.99,49.99),(13032,684,16,1,68.4,68.4),(13033,684,2,2,198.3,396.6),(13034,684,13,3,95.25,285.75),(13035,685,13,2,95.25,190.5),(13036,685,2,1,198.3,198.3),(13037,685,17,3,125.8,377.4),(13039,687,9,2,189.9,379.8),(13040,687,10,3,49.99,149.97),(13041,687,18,1,90.75,90.75),(13042,688,15,1,135,135),(13043,688,17,2,125.8,251.6),(13044,689,18,1,90.75,90.75),(13045,689,11,2,110,220),(13046,689,14,3,60.1,180.3),(13047,690,4,2,145.9,291.8),(13048,690,12,2,72.5,145),(13049,691,7,1,210,210),(13050,691,20,1,79.99,79.99),(13051,691,18,2,90.75,181.5),(13052,691,14,2,60.1,120.2),(13053,691,1,2,134.5,269),(13054,692,13,2,95.25,190.5),(13055,692,14,2,60.1,120.2),(13060,694,20,2,79.99,159.98),(13061,694,6,1,152.45,152.45),(13071,697,14,3,60.1,180.3),(13072,697,2,3,198.3,594.9),(13073,697,19,3,215.6,646.8),(13074,697,6,2,152.45,304.9),(13075,698,15,3,135,405),(13076,698,12,2,72.5,145),(13077,698,4,1,145.9,145.9),(13078,698,19,3,215.6,646.8),(13079,698,17,2,125.8,251.6),(13083,700,20,2,79.99,159.98),(13084,701,6,1,152.45,152.45),(13085,701,3,1,63.75,63.75),(13086,701,11,1,110,110),(13087,701,10,1,49.99,49.99),(13088,701,17,2,125.8,251.6),(13096,705,19,2,215.6,431.2),(13097,705,6,1,152.45,152.45),(13098,705,17,2,125.8,251.6),(13099,705,7,3,210,630),(13100,705,20,3,79.99,239.97),(13101,706,4,1,145.9,145.9),(13102,706,18,3,90.75,272.25),(13106,708,8,1,325.99,325.99),(13107,708,5,1,87.2,87.2),(13108,708,4,1,145.9,145.9),(13109,708,7,1,210,210),(13119,711,19,3,215.6,646.8),(13120,711,12,3,72.5,217.5),(13121,711,13,2,95.25,190.5),(13122,711,4,2,145.9,291.8),(13123,711,9,1,189.9,189.9),(13124,712,9,1,189.9,189.9),(13125,712,6,3,152.45,457.35),(13126,712,13,3,95.25,285.75),(13131,714,19,2,215.6,431.2),(13132,714,8,1,325.99,325.99),(13136,716,11,1,110,110),(13137,716,4,1,145.9,145.9),(13138,716,13,3,95.25,285.75),(13139,716,19,2,215.6,431.2),(13144,718,1,3,134.5,403.5),(13145,719,15,2,135,270),(13146,719,3,3,63.75,191.25),(13147,719,13,2,95.25,190.5),(13148,719,5,1,87.2,87.2),(13149,719,11,2,110,220),(13150,720,13,3,95.25,285.75),(13151,720,5,1,87.2,87.2),(13159,723,16,2,68.4,136.8),(13160,723,13,2,95.25,190.5),(13161,723,4,2,145.9,291.8),(13167,725,10,2,49.99,99.98),(13168,725,19,1,215.6,215.6),(13176,728,7,1,210,210),(13177,729,2,3,198.3,594.9),(13178,729,3,2,63.75,127.5),(13179,729,20,2,79.99,159.98),(13180,730,14,2,60.1,120.2),(13181,731,19,3,215.6,646.8),(13182,731,10,2,49.99,99.98),(13191,734,9,3,189.9,569.7),(13192,735,18,1,90.75,90.75),(13193,736,16,2,68.4,136.8),(13194,736,3,3,63.75,191.25),(13195,736,18,1,90.75,90.75),(13196,736,11,2,110,220),(13198,738,3,2,63.75,127.5),(13199,738,9,1,189.9,189.9),(13200,738,10,2,49.99,99.98),(13202,740,14,1,60.1,60.1),(13203,740,8,3,325.99,977.97),(13204,740,3,1,63.75,63.75),(13205,740,9,2,189.9,379.8),(13206,741,5,3,87.2,261.6),(13207,741,14,2,60.1,120.2),(13212,743,5,3,87.2,261.6),(13213,743,12,2,72.5,145),(13214,744,2,2,198.3,396.6),(13215,744,11,3,110,330),(13216,744,3,3,63.75,191.25),(13217,744,17,1,125.8,125.8),(13218,744,16,3,68.4,205.2),(13226,748,17,1,125.8,125.8),(13227,748,14,3,60.1,180.3),(13228,748,9,2,189.9,379.8),(13229,749,20,3,79.99,239.97),(13238,753,11,3,110,330),(13239,753,9,2,189.9,379.8),(13240,753,2,3,198.3,594.9),(13241,754,3,2,63.75,127.5),(13242,754,5,1,87.2,87.2),(13243,754,19,2,215.6,431.2),(13244,755,10,3,49.99,149.97),(13246,757,19,2,215.6,431.2),(13247,758,14,1,60.1,60.1),(13248,758,10,3,49.99,149.97),(13249,758,13,2,95.25,190.5),(13250,758,12,1,72.5,72.5),(13263,763,1,2,134.5,269),(13264,763,13,1,95.25,95.25),(13265,763,19,2,215.6,431.2),(13266,763,7,3,210,630),(13267,764,11,3,110,330),(13269,766,2,3,198.3,594.9),(13270,766,8,2,325.99,651.98),(13271,766,19,2,215.6,431.2),(13272,766,6,2,152.45,304.9),(13273,766,13,3,95.25,285.75),(13278,769,6,3,152.45,457.35),(13279,770,18,2,90.75,181.5),(13280,770,10,3,49.99,149.97),(13281,770,20,2,79.99,159.98),(13282,771,19,2,215.6,431.2),(13283,771,7,1,210,210),(13284,772,1,2,134.5,269),(13285,772,20,3,79.99,239.97),(13286,772,17,1,125.8,125.8),(13287,772,6,2,152.45,304.9),(13288,773,4,1,145.9,145.9),(13289,773,1,1,134.5,134.5),(13290,773,6,3,152.45,457.35),(13291,773,7,2,210,420),(13292,773,14,3,60.1,180.3),(13295,775,17,1,125.8,125.8),(13296,775,13,2,95.25,190.5),(13297,776,17,2,125.8,251.6),(13298,776,3,2,63.75,127.5),(13307,780,4,3,145.9,437.7),(13308,780,3,2,63.75,127.5),(13309,780,18,2,90.75,181.5),(13310,780,19,1,215.6,215.6),(13311,780,16,3,68.4,205.2),(13312,781,20,1,79.99,79.99),(13313,781,12,2,72.5,145),(13314,782,8,1,325.99,325.99),(13315,782,10,3,49.99,149.97),(13316,782,16,2,68.4,136.8),(13317,782,2,2,198.3,396.6),(13318,783,19,1,215.6,215.6),(13319,783,5,3,87.2,261.6),(13320,783,13,1,95.25,95.25),(13321,783,9,2,189.9,379.8),(13322,783,15,2,135,270),(13335,788,6,1,152.45,152.45),(13336,788,10,3,49.99,149.97),(13337,789,13,1,95.25,95.25),(13338,789,18,1,90.75,90.75),(13339,790,17,2,125.8,251.6),(13345,794,10,1,49.99,49.99),(13346,794,8,2,325.99,651.98),(13347,794,14,3,60.1,180.3),(13351,796,1,2,134.5,269),(13352,796,17,2,125.8,251.6),(13358,798,16,3,68.4,205.2),(13359,798,2,2,198.3,396.6),(13360,798,6,2,152.45,304.9),(13361,798,20,3,79.99,239.97),(13362,798,9,1,189.9,189.9),(13363,799,1,2,134.5,269),(13364,799,4,2,145.9,291.8),(13365,799,3,2,63.75,127.5),(13366,799,8,2,325.99,651.98),(13367,799,15,3,135,405),(13371,801,18,2,90.75,181.5),(13372,801,4,2,145.9,291.8),(13380,804,16,3,68.4,205.2),(13385,806,3,2,63.75,127.5),(13386,806,9,1,189.9,189.9),(13387,806,10,2,49.99,99.98),(13388,807,2,3,198.3,594.9),(13389,807,20,3,79.99,239.97),(13390,807,16,1,68.4,68.4),(13391,807,17,3,125.8,377.4),(13392,808,15,2,135,270),(13393,808,5,2,87.2,174.4),(13394,808,4,2,145.9,291.8),(13395,809,7,1,210,210),(13396,809,6,3,152.45,457.35),(13397,809,15,1,135,135),(13398,809,19,2,215.6,431.2),(13399,810,13,3,95.25,285.75),(13400,810,8,2,325.99,651.98),(13401,810,20,3,79.99,239.97),(13402,811,10,3,49.99,149.97),(13403,811,19,3,215.6,646.8),(13404,812,9,2,189.9,379.8),(13405,812,14,1,60.1,60.1),(13406,812,18,2,90.75,181.5),(13407,812,3,1,63.75,63.75),(13413,814,1,2,134.5,269),(13414,814,2,3,198.3,594.9),(13415,814,11,2,110,220),(13416,814,9,1,189.9,189.9),(13424,817,11,3,110,330),(13425,817,20,2,79.99,159.98),(13426,817,8,3,325.99,977.97),(13427,818,15,3,135,405),(13428,818,18,2,90.75,181.5),(13429,818,11,2,110,220),(13430,818,10,1,49.99,49.99),(13436,820,10,1,49.99,49.99),(13437,820,12,1,72.5,72.5),(13438,821,5,3,87.2,261.6),(13439,821,15,1,135,135),(13440,822,18,3,90.75,272.25),(13441,822,13,1,95.25,95.25),(13444,824,17,1,125.8,125.8),(13445,824,2,1,198.3,198.3),(13451,827,4,3,145.9,437.7),(13452,828,14,2,60.1,120.2),(13453,828,7,1,210,210),(13454,828,15,2,135,270),(13455,828,12,3,72.5,217.5),(13456,829,3,3,63.75,191.25),(13457,829,4,2,145.9,291.8),(13458,829,14,2,60.1,120.2),(13459,829,16,2,68.4,136.8),(13460,829,9,1,189.9,189.9),(13470,833,14,2,60.1,120.2),(13471,833,4,3,145.9,437.7),(13472,833,18,3,90.75,272.25),(13480,836,11,1,110,110),(13481,836,3,2,63.75,127.5),(13482,836,1,1,134.5,134.5),(13483,836,10,2,49.99,99.98),(13484,837,3,2,63.75,127.5),(13485,838,1,3,134.5,403.5),(13486,838,14,1,60.1,60.1),(13487,838,11,1,110,110),(13488,838,16,2,68.4,136.8),(13489,838,4,3,145.9,437.7),(13490,839,4,2,145.9,291.8),(13491,839,6,1,152.45,152.45),(13500,842,18,2,90.75,181.5),(13501,842,4,2,145.9,291.8),(13502,842,5,1,87.2,87.2),(13503,842,10,2,49.99,99.98),(13504,842,8,3,325.99,977.97),(13505,843,2,2,198.3,396.6),(13506,843,10,2,49.99,99.98),(13507,843,15,2,135,270),(13514,847,11,2,110,220),(13515,847,17,1,125.8,125.8),(13516,847,6,3,152.45,457.35),(13517,847,3,2,63.75,127.5),(13518,848,1,2,134.5,269),(13519,848,11,1,110,110),(13529,853,5,3,87.2,261.6),(13530,853,7,2,210,420),(13531,854,2,1,198.3,198.3),(13532,854,12,3,72.5,217.5),(13533,854,17,3,125.8,377.4),(13534,854,5,3,87.2,261.6),(13535,855,2,2,198.3,396.6),(13536,855,6,3,152.45,457.35),(13537,855,5,2,87.2,174.4),(13541,857,20,2,79.99,159.98),(13542,857,7,1,210,210),(13543,857,8,2,325.99,651.98),(13544,858,9,1,189.9,189.9),(13545,858,10,1,49.99,49.99),(13552,861,19,3,215.6,646.8),(13553,861,11,3,110,330),(13556,863,11,1,110,110),(13566,868,16,1,68.4,68.4),(13567,869,11,1,110,110),(13568,869,18,2,90.75,181.5),(13569,869,1,1,134.5,134.5),(13574,871,2,3,198.3,594.9),(13577,874,5,3,87.2,261.6),(13584,877,2,1,198.3,198.3),(13585,877,9,1,189.9,189.9),(13589,879,17,1,125.8,125.8),(13590,879,11,2,110,220),(13591,879,9,1,189.9,189.9),(13592,879,12,3,72.5,217.5),(13593,880,19,2,215.6,431.2),(13594,880,2,1,198.3,198.3),(13595,880,8,2,325.99,651.98),(13596,881,19,2,215.6,431.2),(13600,884,9,3,189.9,569.7),(13601,884,8,1,325.99,325.99),(13602,884,5,1,87.2,87.2),(13603,884,6,2,152.45,304.9),(13627,892,4,3,145.9,437.7),(13628,893,17,1,125.8,125.8),(13629,893,2,2,198.3,396.6),(13630,893,8,1,325.99,325.99),(13631,893,6,3,152.45,457.35),(13632,893,15,2,135,270),(13633,894,9,1,189.9,189.9),(13634,894,12,3,72.5,217.5),(13635,894,16,1,68.4,68.4),(13638,896,10,1,49.99,49.99),(13639,896,20,2,79.99,159.98),(13640,896,5,1,87.2,87.2),(13641,896,16,1,68.4,68.4),(13642,896,6,3,152.45,457.35),(13643,897,2,2,198.3,396.6),(13644,897,4,2,145.9,291.8),(13645,897,5,2,87.2,174.4),(13646,897,12,1,72.5,72.5),(13648,899,2,2,198.3,396.6),(13649,899,5,1,87.2,87.2),(13650,899,1,1,134.5,134.5),(13651,900,18,1,90.75,90.75),(13652,900,20,2,79.99,159.98),(13653,900,15,3,135,405),(13654,901,5,1,87.2,87.2),(13655,901,19,1,215.6,215.6),(13656,901,7,2,210,420),(13657,901,3,3,63.75,191.25),(13658,902,10,2,49.99,99.98),(13663,904,15,1,135,135),(13664,904,8,2,325.99,651.98),(13665,904,14,1,60.1,60.1),(13666,904,5,3,87.2,261.6),(13667,904,12,2,72.5,145),(13671,906,13,2,95.25,190.5),(13672,906,16,2,68.4,136.8),(13673,906,14,2,60.1,120.2),(13674,906,7,3,210,630),(13675,907,5,1,87.2,87.2),(13676,907,15,1,135,135),(13677,907,20,2,79.99,159.98),(13678,907,9,2,189.9,379.8),(13682,909,15,1,135,135),(13683,909,14,3,60.1,180.3),(13684,909,5,1,87.2,87.2),(13685,909,10,3,49.99,149.97),(13688,911,14,2,60.1,120.2),(13689,911,2,3,198.3,594.9),(13690,911,20,2,79.99,159.98),(13693,913,9,1,189.9,189.9),(13697,915,18,1,90.75,90.75),(13698,915,6,2,152.45,304.9),(13699,916,9,3,189.9,569.7),(13700,916,19,3,215.6,646.8),(13701,916,14,1,60.1,60.1),(13702,916,16,3,68.4,205.2),(13703,917,3,2,63.75,127.5),(13704,917,19,2,215.6,431.2),(13705,917,1,3,134.5,403.5),(13706,918,17,3,125.8,377.4),(13707,918,12,1,72.5,72.5),(13708,918,3,2,63.75,127.5),(13709,919,14,3,60.1,180.3),(13710,919,11,2,110,220),(13711,919,19,1,215.6,215.6),(13712,919,6,3,152.45,457.35),(13722,923,4,2,145.9,291.8),(13723,923,7,1,210,210),(13724,923,10,3,49.99,149.97),(13725,923,8,1,325.99,325.99),(13726,923,11,3,110,330),(13727,924,4,1,145.9,145.9),(13728,924,17,2,125.8,251.6),(13729,925,11,1,110,110),(13730,925,2,2,198.3,396.6),(13731,925,8,3,325.99,977.97),(13732,925,3,3,63.75,191.25),(13733,926,1,2,134.5,269),(13734,926,15,1,135,135),(13735,926,4,2,145.9,291.8),(13736,926,14,1,60.1,60.1),(13741,928,10,1,49.99,49.99),(13742,928,19,3,215.6,646.8),(13743,928,5,3,87.2,261.6),(13744,929,12,2,72.5,145),(13745,929,10,1,49.99,49.99),(13746,929,17,1,125.8,125.8),(13747,930,7,2,210,420),(13748,930,16,3,68.4,205.2),(13749,930,20,1,79.99,79.99),(13750,930,14,3,60.1,180.3),(13752,932,15,2,135,270),(13753,932,6,2,152.45,304.9),(13754,932,18,2,90.75,181.5),(13755,932,14,2,60.1,120.2),(13756,932,13,2,95.25,190.5),(13764,935,18,2,90.75,181.5),(13765,935,8,3,325.99,977.97),(13766,935,3,2,63.75,127.5),(13767,935,19,2,215.6,431.2),(13768,935,14,3,60.1,180.3),(13769,936,13,3,95.25,285.75),(13770,936,3,1,63.75,63.75),(13771,936,19,1,215.6,215.6),(13772,936,5,1,87.2,87.2),(13773,937,8,3,325.99,977.97),(13774,937,9,2,189.9,379.8),(13775,937,16,1,68.4,68.4),(13776,937,14,3,60.1,180.3),(13777,937,10,2,49.99,99.98),(13782,939,15,1,135,135),(13783,939,17,1,125.8,125.8),(13784,940,13,1,95.25,95.25),(13785,940,5,1,87.2,87.2),(13787,942,12,1,72.5,72.5),(13788,942,10,1,49.99,49.99),(13789,942,4,2,145.9,291.8),(13790,943,20,3,79.99,239.97),(13791,944,15,2,135,270),(13792,944,18,1,90.75,90.75),(13793,944,4,2,145.9,291.8),(13794,945,7,3,210,630),(13795,946,5,1,87.2,87.2),(13796,946,10,1,49.99,49.99),(13797,947,20,3,79.99,239.97),(13798,947,8,1,325.99,325.99),(13799,947,14,3,60.1,180.3),(13800,948,14,1,60.1,60.1),(13801,948,5,3,87.2,261.6),(13802,948,3,1,63.75,63.75),(13803,948,18,3,90.75,272.25),(13815,952,4,1,145.9,145.9),(13816,952,12,3,72.5,217.5),(13817,952,11,2,110,220),(13818,952,5,3,87.2,261.6),(13819,953,17,3,125.8,377.4),(13829,956,16,2,68.4,136.8),(13830,956,17,3,125.8,377.4),(13831,956,11,2,110,220),(13836,959,15,1,135,135),(13837,959,3,1,63.75,63.75),(13842,961,17,3,125.8,377.4),(13843,961,4,2,145.9,291.8),(13844,961,18,3,90.75,272.25),(13850,963,16,1,68.4,68.4),(13851,963,20,1,79.99,79.99),(13852,963,18,1,90.75,90.75),(13853,964,20,3,79.99,239.97),(13854,964,9,1,189.9,189.9),(13855,964,7,3,210,630),(13856,964,10,3,49.99,149.97),(13857,964,1,1,134.5,134.5),(13858,965,15,1,135,135),(13859,965,17,1,125.8,125.8),(13860,965,4,3,145.9,437.7),(13861,965,11,2,110,220),(13862,965,20,3,79.99,239.97),(13867,967,9,1,189.9,189.9),(13868,967,5,2,87.2,174.4),(13869,967,20,1,79.99,79.99),(13870,967,13,3,95.25,285.75),(13874,969,4,3,145.9,437.7),(13875,970,11,1,110,110),(13876,970,10,1,49.99,49.99),(13877,970,2,3,198.3,594.9),(13878,970,18,1,90.75,90.75),(13879,970,4,3,145.9,437.7),(13880,971,20,1,79.99,79.99),(13881,971,6,3,152.45,457.35),(13882,971,13,3,95.25,285.75),(13885,973,5,3,87.2,261.6),(13886,973,10,2,49.99,99.98),(13887,973,18,3,90.75,272.25),(13890,975,16,1,68.4,68.4),(13891,975,13,1,95.25,95.25),(13892,975,15,1,135,135),(13893,975,12,3,72.5,217.5),(13894,976,6,3,152.45,457.35),(13895,976,10,2,49.99,99.98),(13896,976,14,1,60.1,60.1),(13897,977,9,3,189.9,569.7),(13898,977,2,1,198.3,198.3),(13899,977,19,2,215.6,431.2),(13900,978,10,3,49.99,149.97),(13901,978,9,2,189.9,379.8),(13902,979,20,3,79.99,239.97),(13903,979,2,3,198.3,594.9),(13904,979,8,2,325.99,651.98),(13905,979,4,3,145.9,437.7),(13906,979,11,3,110,330),(13910,982,17,3,125.8,377.4),(13911,982,9,2,189.9,379.8),(13912,982,15,3,135,405),(13913,982,3,3,63.75,191.25),(13914,982,13,2,95.25,190.5),(13915,983,4,2,145.9,291.8),(13916,983,1,1,134.5,134.5),(13917,983,11,1,110,110),(13918,984,4,2,145.9,291.8),(13919,984,11,2,110,220),(13920,984,14,2,60.1,120.2),(13921,984,6,3,152.45,457.35),(13922,985,11,1,110,110),(13923,985,7,2,210,420),(13924,986,1,2,134.5,269),(13927,989,3,2,63.75,127.5),(13928,989,5,3,87.2,261.6),(13929,989,15,2,135,270),(13930,990,16,1,68.4,68.4),(13931,990,10,3,49.99,149.97),(13932,990,1,3,134.5,403.5),(13933,990,18,3,90.75,272.25),(13934,990,8,2,325.99,651.98),(13935,991,17,3,125.8,377.4),(13936,991,11,3,110,330),(13937,991,1,3,134.5,403.5),(13938,991,16,1,68.4,68.4),(13955,996,7,1,210,210),(13956,996,6,3,152.45,457.35),(13957,996,15,2,135,270),(13958,996,12,3,72.5,217.5),(13962,998,3,1,63.75,63.75),(13963,999,4,2,145.9,291.8),(13964,999,2,1,198.3,198.3),(13965,999,18,3,90.75,272.25),(13970,1001,19,3,215.6,646.8),(13971,1001,6,2,152.45,304.9),(13972,1001,20,2,79.99,159.98),(13973,1001,17,3,125.8,377.4),(13979,1003,7,2,210,420),(13980,1003,17,3,125.8,377.4),(13981,1003,20,1,79.99,79.99),(13982,1003,11,1,110,110),(13983,1003,19,3,215.6,646.8),(13987,1005,11,3,110,330),(13988,1006,11,2,110,220),(13989,1006,13,2,95.25,190.5),(13990,1006,15,3,135,405),(13991,1006,8,2,325.99,651.98),(13992,1007,4,2,145.9,291.8),(13993,1007,9,3,189.9,569.7),(13994,1007,15,1,135,135),(14000,1010,20,2,79.99,159.98),(14001,1010,12,1,72.5,72.5),(14002,1010,18,2,90.75,181.5),(14003,1011,1,3,134.5,403.5),(14004,1011,20,3,79.99,239.97),(14005,1011,15,1,135,135),(14006,1011,19,2,215.6,431.2),(14007,1012,16,1,68.4,68.4),(14008,1012,1,2,134.5,269),(14009,1012,15,1,135,135),(14010,1012,10,3,49.99,149.97),(14011,1012,17,1,125.8,125.8),(14021,1016,10,1,49.99,49.99),(14022,1016,11,3,110,330),(14023,1016,18,3,90.75,272.25),(14024,1016,7,1,210,210),(14025,1016,8,3,325.99,977.97),(14026,1017,13,2,95.25,190.5),(14027,1017,16,1,68.4,68.4),(14028,1017,15,3,135,405),(14029,1017,20,3,79.99,239.97),(14030,1018,10,2,49.99,99.98),(14031,1018,9,1,189.9,189.9),(14032,1018,2,2,198.3,396.6),(14033,1018,14,3,60.1,180.3),(14034,1018,19,3,215.6,646.8),(14046,1022,3,3,63.75,191.25),(14047,1022,9,2,189.9,379.8),(14048,1022,16,2,68.4,136.8),(14049,1022,15,1,135,135),(14055,1024,5,3,87.2,261.6),(14056,1024,8,3,325.99,977.97),(14057,1024,20,1,79.99,79.99),(14058,1024,9,2,189.9,379.8),(14061,1026,6,2,152.45,304.9),(14062,1026,8,3,325.99,977.97),(14063,1026,5,1,87.2,87.2),(14064,1026,9,2,189.9,379.8),(14065,1027,15,1,135,135),(14074,1030,6,3,152.45,457.35),(14075,1030,1,1,134.5,134.5),(14076,1030,14,2,60.1,120.2),(14077,1031,7,1,210,210),(14078,1031,9,1,189.9,189.9),(14079,1031,2,2,198.3,396.6),(14080,1031,15,2,135,270),(14081,1031,14,1,60.1,60.1),(14087,1033,13,1,95.25,95.25),(14088,1033,4,1,145.9,145.9),(14089,1033,1,1,134.5,134.5),(14090,1034,13,3,95.25,285.75),(14091,1034,17,3,125.8,377.4),(14097,1037,15,3,135,405),(14098,1037,2,2,198.3,396.6),(14099,1037,4,2,145.9,291.8),(14100,1037,5,3,87.2,261.6),(14101,1038,10,3,49.99,149.97),(14102,1038,3,2,63.75,127.5),(14103,1038,4,1,145.9,145.9),(14118,1043,11,3,110,330),(14119,1043,6,2,152.45,304.9),(14125,1045,14,2,60.1,120.2),(14126,1045,17,3,125.8,377.4),(14127,1045,2,3,198.3,594.9),(14128,1045,15,3,135,405),(14129,1045,18,1,90.75,90.75),(14138,1048,14,2,60.1,120.2),(14139,1048,7,1,210,210),(14140,1048,13,1,95.25,95.25),(14141,1049,17,3,125.8,377.4),(14142,1049,7,3,210,630),(14143,1049,19,3,215.6,646.8),(14144,1049,1,1,134.5,134.5),(14145,1049,3,2,63.75,127.5),(14155,1052,2,2,198.3,396.6),(14156,1052,6,3,152.45,457.35),(14157,1052,4,1,145.9,145.9),(14158,1052,3,2,63.75,127.5),(14159,1053,14,3,60.1,180.3),(14160,1053,18,3,90.75,272.25),(14161,1053,8,3,325.99,977.97),(14162,1053,10,3,49.99,149.97),(14163,1054,20,3,79.99,239.97),(14164,1054,4,2,145.9,291.8),(14165,1054,2,3,198.3,594.9),(14171,1056,11,1,110,110),(14175,1058,16,2,68.4,136.8),(14176,1058,1,3,134.5,403.5),(14177,1058,5,2,87.2,174.4),(14178,1059,8,1,325.99,325.99),(14179,1059,5,3,87.2,261.6),(14180,1059,19,2,215.6,431.2),(14181,1059,14,2,60.1,120.2),(14187,1061,16,1,68.4,68.4),(14188,1061,5,1,87.2,87.2),(14189,1061,13,1,95.25,95.25),(14191,1063,11,1,110,110),(14192,1063,14,1,60.1,60.1),(14193,1063,10,2,49.99,99.98),(14199,1066,7,3,210,630),(14202,1069,1,3,134.5,403.5),(14203,1069,9,2,189.9,379.8),(14204,1069,18,1,90.75,90.75),(14205,1069,11,3,110,330),(14206,1070,14,1,60.1,60.1),(14207,1070,9,1,189.9,189.9),(14208,1070,2,2,198.3,396.6),(14209,1070,1,1,134.5,134.5),(14210,1071,8,1,325.99,325.99),(14211,1072,11,1,110,110),(14212,1072,15,1,135,135),(14213,1072,6,3,152.45,457.35),(14214,1072,10,2,49.99,99.98),(14220,1074,14,1,60.1,60.1),(14222,1076,19,1,215.6,215.6),(14223,1076,2,1,198.3,198.3),(14224,1076,4,1,145.9,145.9),(14231,1079,20,2,79.99,159.98),(14232,1079,1,3,134.5,403.5),(14233,1079,5,2,87.2,174.4),(14235,1081,9,2,189.9,379.8),(14236,1081,2,1,198.3,198.3),(14243,1085,1,3,134.5,403.5),(14244,1085,19,1,215.6,215.6),(14245,1085,18,2,90.75,181.5),(14250,1088,4,3,145.9,437.7),(14255,1090,18,3,90.75,272.25),(14256,1091,15,1,135,135),(14257,1091,1,2,134.5,269),(14258,1091,3,3,63.75,191.25),(14259,1091,2,2,198.3,396.6),(14260,1091,11,2,110,220),(14261,1092,4,3,145.9,437.7),(14262,1092,5,1,87.2,87.2),(14263,1093,12,3,72.5,217.5),(14264,1093,18,1,90.75,90.75),(14265,1093,10,3,49.99,149.97),(14266,1093,11,1,110,110),(14267,1093,14,3,60.1,180.3),(14268,1094,6,3,152.45,457.35),(14269,1094,10,3,49.99,149.97),(14272,1096,2,1,198.3,198.3),(14273,1096,14,1,60.1,60.1),(14274,1096,6,2,152.45,304.9),(14275,1096,17,3,125.8,377.4),(14279,1098,1,1,134.5,134.5),(14284,1100,2,3,198.3,594.9),(14285,1100,15,2,135,270),(14286,1101,18,2,90.75,181.5),(14287,1101,11,3,110,330),(14301,1106,11,1,110,110),(14302,1107,12,2,72.5,145),(14303,1107,18,3,90.75,272.25),(14304,1107,9,3,189.9,569.7),(14305,1107,16,3,68.4,205.2),(14306,1108,20,2,79.99,159.98),(14307,1108,15,2,135,270),(14308,1108,14,1,60.1,60.1),(14314,1110,2,2,198.3,396.6),(14315,1110,3,2,63.75,127.5),(14316,1110,16,1,68.4,68.4),(14317,1110,9,1,189.9,189.9),(14318,1111,10,1,49.99,49.99),(14319,1111,20,1,79.99,79.99),(14320,1111,2,3,198.3,594.9),(14321,1111,17,1,125.8,125.8),(14325,1113,8,1,325.99,325.99),(14326,1114,11,2,110,220),(14327,1114,2,3,198.3,594.9),(14328,1114,7,3,210,630),(14329,1115,8,1,325.99,325.99),(14330,1115,11,2,110,220),(14331,1115,10,3,49.99,149.97),(14332,1116,15,3,135,405),(14333,1116,2,2,198.3,396.6),(14334,1116,6,1,152.45,152.45),(14335,1116,12,2,72.5,145),(14341,1118,9,2,189.9,379.8),(14342,1118,13,3,95.25,285.75),(14343,1119,13,3,95.25,285.75),(14344,1119,15,2,135,270),(14345,1119,12,1,72.5,72.5),(14346,1119,4,2,145.9,291.8),(14347,1120,3,3,63.75,191.25),(14349,1122,20,1,79.99,79.99),(14350,1122,7,2,210,420),(14351,1122,16,1,68.4,68.4),(14352,1122,9,2,189.9,379.8),(14353,1123,2,3,198.3,594.9),(14354,1124,20,3,79.99,239.97),(14355,1124,7,3,210,630),(14356,1125,2,1,198.3,198.3),(14357,1125,1,2,134.5,269),(14358,1125,19,1,215.6,215.6),(14359,1125,13,1,95.25,95.25),(14360,1125,15,1,135,135),(14361,1126,1,3,134.5,403.5),(14362,1126,15,2,135,270),(14363,1126,8,3,325.99,977.97),(14367,1128,4,1,145.9,145.9),(14368,1129,1,1,134.5,134.5),(14369,1129,6,3,152.45,457.35),(14370,1130,14,2,60.1,120.2),(14371,1130,13,1,95.25,95.25),(14372,1130,19,2,215.6,431.2),(14373,1131,7,1,210,210),(14383,1135,14,2,60.1,120.2),(14384,1135,18,3,90.75,272.25),(14385,1135,3,3,63.75,191.25),(14386,1135,6,2,152.45,304.9),(14395,1139,18,2,90.75,181.5),(14396,1139,16,2,68.4,136.8),(14397,1139,13,1,95.25,95.25),(14398,1139,4,1,145.9,145.9),(14409,1145,11,2,110,220),(14410,1145,15,3,135,405),(14411,1145,18,1,90.75,90.75),(14412,1145,13,3,95.25,285.75),(14413,1145,4,2,145.9,291.8),(14414,1146,1,2,134.5,269),(14415,1146,15,3,135,405),(14416,1146,8,2,325.99,651.98),(14417,1146,14,1,60.1,60.1),(14420,1148,2,1,198.3,198.3),(14421,1148,11,1,110,110),(14422,1148,9,1,189.9,189.9),(14423,1149,15,2,135,270),(14424,1149,11,1,110,110),(14425,1149,2,3,198.3,594.9),(14426,1149,1,3,134.5,403.5),(14427,1149,10,2,49.99,99.98),(14428,1150,2,3,198.3,594.9),(14429,1150,3,1,63.75,63.75),(14432,1152,14,1,60.1,60.1),(14433,1152,4,1,145.9,145.9),(14434,1152,8,1,325.99,325.99),(14435,1152,20,1,79.99,79.99),(14436,1152,13,2,95.25,190.5),(14437,1153,1,3,134.5,403.5),(14438,1153,9,2,189.9,379.8),(14439,1153,13,1,95.25,95.25),(14440,1153,11,2,110,220),(14441,1153,12,1,72.5,72.5),(14450,1156,14,1,60.1,60.1),(14458,1159,7,2,210,420),(14459,1159,13,2,95.25,190.5),(14460,1159,5,1,87.2,87.2),(14461,1159,18,1,90.75,90.75),(14462,1159,19,1,215.6,215.6),(14467,1162,6,1,152.45,152.45),(14468,1163,12,2,72.5,145),(14469,1163,20,3,79.99,239.97),(14470,1163,9,3,189.9,569.7),(14471,1163,19,1,215.6,215.6),(14480,1167,18,1,90.75,90.75),(14481,1167,11,2,110,220),(14484,1170,19,3,215.6,646.8),(14485,1170,3,2,63.75,127.5),(14486,1170,17,2,125.8,251.6),(14487,1170,2,1,198.3,198.3),(14488,1170,5,1,87.2,87.2),(14496,1174,3,1,63.75,63.75),(14497,1174,16,3,68.4,205.2),(14498,1174,1,3,134.5,403.5),(14499,1174,18,2,90.75,181.5),(14500,1175,20,1,79.99,79.99),(14501,1175,19,1,215.6,215.6),(14502,1175,17,1,125.8,125.8),(14503,1176,11,3,110,330),(14504,1176,13,2,95.25,190.5),(14513,1181,7,2,210,420),(14519,1183,4,3,145.9,437.7),(14520,1183,9,1,189.9,189.9),(14521,1183,10,1,49.99,49.99),(14523,1185,10,2,49.99,99.98),(14524,1185,5,2,87.2,174.4),(14525,1186,7,2,210,420),(14526,1186,16,2,68.4,136.8),(14527,1186,10,1,49.99,49.99),(14528,1186,17,3,125.8,377.4),(14529,1186,3,1,63.75,63.75),(14531,1188,7,2,210,420),(14532,1188,2,1,198.3,198.3),(14533,1188,11,1,110,110),(14538,1191,6,2,152.45,304.9),(14539,1191,18,2,90.75,181.5),(14542,1193,13,2,95.25,190.5),(14567,1211,31,1,50,50),(14569,1212,32,1,50,50),(14570,1212,32,-2,50,-100),(14571,1213,36,2,20,40),(14573,1214,37,2,30,60),(14575,1216,40,1,50,50),(14577,1217,41,1,50,50),(14578,1218,45,2,20,40),(14580,1219,46,2,30,60),(14582,1221,49,1,50,50),(14584,1222,50,1,50,50),(14585,1223,54,2,20,40),(14587,1224,55,2,30,60),(14590,1227,58,1,50,50),(14592,1228,59,1,50,50),(14593,1229,63,2,20,40),(14595,1230,64,2,30,60),(14597,1232,68,100,199.99,19999),(14598,1233,1,288,134.5,38736),(14599,1234,8,214,325.99,69761.9),(14600,1234,2,291,198.3,57705.3),(14601,1235,69,1,50,50),(14603,1236,70,1,50,50),(14604,1237,74,2,20,40),(14606,1238,75,2,30,60);
/*!40000 ALTER TABLE `detalle_venta` ENABLE KEYS */;
UNLOCK TABLES;

--
-- Table structure for table `productos`
--

DROP TABLE IF EXISTS `productos`;
/*!40101 SET @saved_cs_client     = @@character_set_client */;
/*!50503 SET character_set_client = utf8mb4 */;
CREATE TABLE `productos` (
  `producto_id` int NOT NULL AUTO_INCREMENT,
  `nombre` varchar(100) CHARACTER SET utf8mb4 COLLATE utf8mb4_unicode_ci NOT NULL,
  `descripcion` varchar(200) CHARACTER SET utf8mb4 COLLATE utf8mb4_unicode_ci NOT NULL,
  `precio` float NOT NULL,
  `stock` int NOT NULL,
  `baja` tinyint(1) NOT NULL,
  PRIMARY KEY (`producto_id`)
) ENGINE=InnoDB AUTO_INCREMENT=78 DEFAULT CHARSET=utf8mb4 COLLATE=utf8mb4_unicode_ci;
/*!40101 SET character_set_client = @saved_cs_client */;

--
-- Dumping data for table `productos`
--

LOCK TABLES `productos` WRITE;
/*!40000 ALTER TABLE `productos` DISABLE KEYS */;
INSERT INTO `productos` VALUES (1,'Crema Aloe','Crema hidratante con extracto de aloe vera para piel sensible.',134.5,0,0),(2,'Shampoo Herbal','Shampoo orgnico con fragancia natural de lavanda.',198.3,0,0),(3,'Jabn Miel','Jabn artesanal con miel pura y avena.',63.75,253,0),(4,'Locin Ctrica','Locin corporal con aroma de ctricos refrescantes.',145.9,272,0),(5,'Tnico Rosas','Tnico facial calmante con agua de rosas.',87.2,236,0),(6,'Aceite Esencial','Aceite esencial de eucalipto para aromaterapia.',152.45,223,0),(7,'Crema Karit','Crema corporal con manteca de karit para piel reseca.',210,235,0),(8,'Perfume Aurora','Perfume floral para dama de larga duracin.',325.99,0,0),(9,'Bloqueador Solar','Protector solar FPS 50 resistente al agua.',189.9,276,0),(10,'Gel Antibacterial','Gel desinfectante con 70% de alcohol.',49.99,374,0),(11,'Mascarilla Facial','Mascarilla exfoliante con carbn activado.',110,239,0),(12,'Crema Manos','Crema nutritiva para manos con almendras.',72.5,256,0),(13,'Exfoliante Caf','Exfoliante corporal a base de caf natural.',95.25,271,0),(14,'Colonia Infantil','Colonia suave con aroma a manzanilla.',60.1,324,0),(15,'Shampoo Anticaspa','Shampoo especializado para eliminar la caspa.',135,275,1),(16,'Jabn Carbn','Jabn negro con carbn activado para limpieza profunda.',68.4,261,1),(17,'Acondicionador Coco','Acondicionador con aceite de coco para cabello seco.',125.8,257,1),(18,'Spray Refrescante','Spray facial con agua mineral para revitalizar la piel.',90.75,193,0),(19,'Serum Vitamina C','Srum antioxidante para iluminar el rostro.',215.6,280,1),(20,'Desodorante Natural','Desodorante en barra sin aluminio con esencia ctrica.',79.99,254,1),(31,'Producto DetalleVenta 58b1d1f5-75af-4a55-bc52-d88f18b739eb','Producto para detalle venta',50,19,1),(32,'Producto DetalleVenta 9ce8a32a-ddc1-4467-9a36-775dd304aba3','Producto para detalle venta',50,19,1),(36,'Producto Venta','Producto para venta',20,98,1),(37,'Producto Venta Update','Producto para venta update',30,48,1),(38,'Producto Venta Delete','Producto para venta delete',15,10,1),(39,'Producto Sin Stock','Producto sin stock suficiente',100,1,1),(40,'Producto DetalleVenta 3dcc24e9-c7a3-40b0-851f-bc212c1f40ef','Producto para detalle venta',50,19,1),(41,'Producto DetalleVenta c70e2b16-51cb-40ee-88ef-cd168fe128df','Producto para detalle venta',50,19,1),(42,'Producto Test 8893c318-3c68-4d1c-8981-8714edb2f764','Descripcin de prueba',99.99,10,1),(43,'Producto Actualizado','Desc actualizada',75,8,1),(45,'Producto Venta','Producto para venta',20,98,1),(46,'Producto Venta Update','Producto para venta update',30,48,1),(47,'Producto Venta Delete','Producto para venta delete',15,10,1),(48,'Producto Sin Stock','Producto sin stock suficiente',100,1,1),(49,'Producto DetalleVenta e38cb99a-97de-422b-848a-02e5f061d1b8','Producto para detalle venta',50,19,1),(50,'Producto DetalleVenta 1c01ed83-b6c8-4392-a502-045de47f5a43','Producto para detalle venta',50,19,1),(51,'Producto Test 37c59810-2ec5-475a-9bbe-c4c6c61ab943','Descripcin de prueba',99.99,10,1),(52,'Producto Actualizado','Desc actualizada',75,8,1),(54,'Producto Venta','Producto para venta',20,98,1),(55,'Producto Venta Update','Producto para venta update',30,48,1),(56,'Producto Venta Delete','Producto para venta delete',15,10,1),(57,'Producto Sin Stock','Producto sin stock suficiente',100,1,1),(58,'Producto DetalleVenta 15772f99-3dce-4b63-8c53-3d5023a8a3fc','Producto para detalle venta',50,19,1),(59,'Producto DetalleVenta 0adabf71-9898-4edd-ae41-5f82ec184ea9','Producto para detalle venta',50,19,1),(60,'Producto Test 22892d8e-4a55-4f53-8e5a-c25f5982698f','Descripcin de prueba',99.99,10,1),(61,'Producto Actualizado','Desc actualizada',75,8,1),(63,'Producto Venta','Producto para venta',20,98,1),(64,'Producto Venta Update','Producto para venta update',30,48,1),(65,'Producto Venta Delete','Producto para venta delete',15,10,1),(66,'Producto Sin Stock','Producto sin stock suficiente',100,1,1),(67,'Producto de prueba','Producto para probar bien funcionamiento en todo',199.98,100,1),(68,'Crema desodorante','Nueva crema desodorante de Rexona',199.99,0,0),(69,'Producto DetalleVenta b2ffd4bd-9b28-4488-b120-1773ee64eae5','Producto para detalle venta',50,19,0),(70,'Producto DetalleVenta a6ad9837-36d0-4085-8ef0-c1c2265c9f9f','Producto para detalle venta',50,19,0),(71,'Producto Test a2979cf6-cf58-4406-8a2e-234a84faa618','Descripcin de prueba',99.99,10,0),(72,'Producto Actualizado','Desc actualizada',75,8,0),(73,'Producto Delete 682f7763-3ade-4df3-b57e-507ffdb0c94d','Desc delete',10,2,1),(74,'Producto Venta','Producto para venta',20,98,0),(75,'Producto Venta Update','Producto para venta update',30,48,0),(76,'Producto Venta Delete','Producto para venta delete',15,10,0),(77,'Producto Sin Stock','Producto sin stock suficiente',100,1,0);
/*!40000 ALTER TABLE `productos` ENABLE KEYS */;
UNLOCK TABLES;

--
-- Table structure for table `usuarios`
--

DROP TABLE IF EXISTS `usuarios`;
/*!40101 SET @saved_cs_client     = @@character_set_client */;
/*!50503 SET character_set_client = utf8mb4 */;
CREATE TABLE `usuarios` (
  `usuario_id` int NOT NULL AUTO_INCREMENT,
  `nombre` varchar(100) CHARACTER SET utf8mb4 COLLATE utf8mb4_unicode_ci NOT NULL,
  `apellido` varchar(100) CHARACTER SET utf8mb4 COLLATE utf8mb4_unicode_ci NOT NULL,
  `email` varchar(100) CHARACTER SET utf8mb4 COLLATE utf8mb4_unicode_ci NOT NULL,
  `password` varchar(255) CHARACTER SET utf8mb4 COLLATE utf8mb4_unicode_ci NOT NULL,
  `baja` tinyint(1) NOT NULL,
  PRIMARY KEY (`usuario_id`),
  UNIQUE KEY `email` (`email`)
) ENGINE=InnoDB AUTO_INCREMENT=1221 DEFAULT CHARSET=utf8mb4 COLLATE=utf8mb4_unicode_ci;
/*!40101 SET character_set_client = @saved_cs_client */;

--
-- Dumping data for table `usuarios`
--

LOCK TABLES `usuarios` WRITE;
/*!40000 ALTER TABLE `usuarios` DISABLE KEYS */;
INSERT INTO `usuarios` VALUES (1,'Ejemplo','Test','test@example.com','pbkdf2:sha256:1000000$LTjImIzK$717b2814fc4e0dfbb313480eec0073e936fa5915dbe6bff1391eef33c0eb8096',0),(2,'Admin','Manager','administrador@gmail.com','pbkdf2:sha256:1000000$o0nRTOCS$ea8266497b66175c569b5801fbd05fdc02531691ce11b420e5129869b3e99cf5',0),(3,'Pablo','Crespi','jose-manuel98@hotmail.com','CF#5Ljvj)B',0),(4,'Dalila','Verdejo','mariselagutierrez@yahoo.com','8+f&u0fvLK',0),(5,'Ysica','Lillo','joaquina69@zamorano-marquez.es','#WJOntCx3@',1),(6,'Julia','Vall','bernarda90@hotmail.com','5TGd@5Wq#v',0),(7,'Cornelio','Pags','cristina03@guerra.es','5ugpVdmT+7',0),(8,'Belen','Benito','alfarofabiola@talavera.com','7JW6eZ1&&e',1),(9,'Lus','Pia','pardosebastian@fernandez-serna.es','Ff%@0LNaYd',0),(10,'Nadia','Quintanilla','palaufeliciana@hotmail.com','K!3_SBUb%1',1),(11,'Milagros','Juan','agustinasaez@hotmail.com','84V*YMtH!2',0),(12,'Gilberto','Iglesias','calixto82@yahoo.com','+w$RFN5ys5',0),(13,'Juan Luis','Tom','nazario30@yahoo.com','*%4RU@StGX',0),(14,'Alondra','Moya','cabanillasremedios@gmail.com','^8nY2qLzIl',1),(15,'Magdalena','Sol','jalsina@hotmail.com','C1GJS4r^+W',1),(16,'Ariadna','Serra','dominga98@sarabia.com','#9#oJ_DeQ2',1),(17,'Eutropio','Torralba','escuderoluis@arino-barbero.com','*An)UE*d@2',1),(18,'Berta','Sandoval','caromartin@yahoo.com','(*O0Az#xgI',1),(19,'Primitiva','Martinez','sanzcandido@fabregas.net','B9wRl4zq&l',0),(20,'Lilia','Rovira','samuelcaro@yahoo.com','@4aXcMfcsn',0),(21,'Marcia','Iiguez','haydee09@salmeron.com','^224DVqTGQ',1),(22,'Leocadia','Quesada','basilio51@gmail.com','2iN2ONcx@(',0),(23,'Toribio','Tenorio','yesparza@yahoo.com','!vd0MXg^xQ',1),(24,'Primitiva','Uribe','jbriones@mayo-amo.org','*7&6lWwz*F',1),(25,'Olegario','Ferrndiz','segurasigfrido@yahoo.com','%5eDOuaqjL',0),(26,'Yago','Domnguez','isidoro07@gmail.com','MB1KmGWr#z',0),(27,'Virginia','Nogueira','clillo@iniesta.com','5ud0QjGtY+',0),(28,'Salvador','Gil','rolando10@gmail.com','lpb_5Wqe(2',1),(29,'Ulises','Aparicio','aroa30@ramos-canizares.com','RuMy2NZo(@',0),(30,'ngel','Acero','loreto29@sanabria.es',')u9CzX1p43',1),(31,'Priscila','Barroso','codinaleire@yahoo.com','h^k8MqkD*G',0),(32,'Febe','Acero','jose-miguelacedo@hotmail.com','a@#0YwxZV)',0),(33,'Fanny','Carpio','tsimo@yahoo.com',')2QMr)kmgd',1),(34,'Teodosio','Romeu','solarco@hotmail.com','wi!7#8Nv7_',0),(35,'Po','Rosell','rarino@tejedor.com','J2&50JEfo*',1),(36,'Maricruz','Rivero','nnevado@gmail.com','U6(SHCnZ*T',0),(37,'Matilde','Falcn','ballesterosmanola@gmail.com','*D7ghvrbm!',1),(38,'Plcido','Cid','icolomer@gmail.com','1pJZ+EhS$_',0),(39,'Dulce','Tello','rosalina34@canas.es','wk+2J3Lxi@',1),(40,'Encarnacion','Aguado','morilloinocencio@gmail.com','uR21(P_m%(',0),(41,'Javier','Perera','mvalls@quesada.es','zhZX_c#k_4',1),(42,'Agustn','Puerta','caballeroeliana@yahoo.com','z*F+6NvEW8',0),(43,'ngrid','Antn','nilda02@gmail.com','%V2fBzpm!2',0),(44,'Ariadna','Enrquez','carmelopazos@colomer-herrera.es','*I4PgGPR8z',1),(45,'Alberto','Collado','quintanadan@gmail.com','60UJ@Lfq_6',1),(46,'Jenaro','Barrios','yesicaplaza@gmail.com','&&Y7BugFhy',0),(47,'Tristn','Alsina','itorre@hotmail.com','&zmYJG)4w9',1),(48,'Nlida','Palomares','jessica66@hotmail.com','f@Qy*Ksa*8',0),(49,'Chema','Adadia','nereidachaves@hotmail.com','g@)h9XYfDT',1),(50,'Lina','Segura','ferrandizbernardo@sacristan.es','6!*5XrygSb',0),(51,'Emilio','Zaragoza','campshoracio@mercader.es','Kn9LefI**+',0),(52,'Hugo','Hidalgo','adrian42@gmail.com','vl7Dz(S8p$',0),(53,'Micaela','Hoyos','ksanabria@anguita.es','ru1_0nCl53',1),(54,'Seve','Fras','gironacamila@salinas.net','^8kIrmfVl4',0),(55,'Candelario','Fuentes','knovoa@yahoo.com','1zBw(IeR!K',0),(56,'Plcido','Company','mauricio78@yahoo.com','^@KeQKVim0',1),(57,'Eva Mara','Ros','manuel76@acero.es','$U2UoloExE',0),(58,'Faustino','Avils','salarcon@hotmail.com','i2wkS^We!P',1),(59,'Mara Luisa','Vallejo','atiliodomenech@crespi.net','k%h73Vqoi!',1),(60,'Vinicio','Pags','celestina55@yahoo.com',')3gMGUuyt6',0),(61,'Donato','Casado','xmulet@miralles-canals.com','$@6^5FFxOW',1),(62,'Paulina','Gallardo','mrivas@gmail.com','&pUvQ@_vv3',1),(63,'Samanta','Verd','guillermoechevarria@cano-rovira.es','N3DTteZA*D',1),(64,'Mnica','Collado','epifaniomayoral@carretero-casanovas.net','v#5M(svi(&',1),(65,'Plcido','Flores','riberasandalio@gmail.com','a)7M0IPlz@',1),(66,'Samuel','Pags','perallucila@hotmail.com','D(8qYjeQ*#',1),(67,'Aura','Galn','figueroabernardita@nogues.com','7YOvPBLT^z',1),(68,'Natalia','Vicens','romeunarcisa@gmail.com','^33EPHsI&l',0),(69,'Eufemia','Duarte','lcobos@valcarcel.com','$@O^m2Ss84',1),(70,'Natalia','Corbacho','isaacsanmartin@salva.com','QC0OLjfhI!',1),(71,'Trinidad','Estrada','parias@yahoo.com','(HN4Pht#U2',1),(72,'Felicia','Riera','njorda@rocamora-bernal.com','90%09PadP+',0),(73,'Margarita','Vergara','ycuellar@yahoo.com','t*8QjNd1F3',0),(74,'Florina','Pinedo','dianaarellano@silva.org','n#rt3Yh*+n',1),(75,'Gracia','Somoza','lupe08@hotmail.com','i+01%IzCj@',0),(76,'Lucio','Royo','zabaletagraciela@hotmail.com','6kTGa2!7*m',1),(77,'Soledad','Pedrosa','casemirotorrijos@hotmail.com','$cUc+Zbbr3',1),(78,'Ysica','Vaquero','anavarrete@manjon.com','m_dY0Ng%@!',0),(79,'Silvia','Parra','aduran@hotmail.com','(cH6ZTQc1u',1),(80,'Chelo','Andrs','gemasanchez@hotmail.com','B+9&PoKa+c',1),(81,'Custodio','Muro','gabinomayo@yahoo.com','#%4wOPavVk',1),(82,'Anselmo','Diaz','dporcel@gmail.com','H^57&Ffe!h',0),(83,'Cirino','Espejo','hernando54@castellanos.org','%p6NNoM&hF',1),(84,'Amada','Ros','robertaserrano@gmail.com','tts1r)Fw_D',1),(85,'David','Santos','cipriano02@hotmail.com','p$4Sn97V^N',1),(86,'Julieta','Ferrndez','zaira54@gmail.com','@lB$4UPd5)',1),(87,'Ciro','Ferrndez','obermudez@valenzuela.net','_!4x^Ila6v',0),(88,'Maricela','Dvila','dcoloma@hotmail.com','^L8(X9Bh+h',1),(89,'Yolanda','Cepeda','camachoremedios@hotmail.com','@A^PYkYq2f',0),(90,'Loreto','Jove','rocazacarias@herranz.org','2RdrDsOx_*',0),(91,'Jovita','Chico','ssomoza@larrea-gil.es','&nkVqkNJ6+',0),(92,'Teodoro','Acero','celsogracia@gmail.com','Z6O85hdv$&',1),(93,'Maite','Abelln','estevezantonio@valverde.es','#0I$DEvMLo',0),(94,'Segismundo','Hervia','lbelda@ramis-almansa.es',')XcI94Nw3S',0),(95,'Nayara','Villegas','pmur@gmail.com','w^2NgDph2k',1),(96,'Sofa','Carbajo','hidalgoguillermo@hotmail.com','G4lXmI9j)k',0),(97,'Albino','Pereira','teodora59@gonzalez.es','(3cL#eOzJL',1),(98,'Salvador','Ojeda','pelaezruben@gmail.com','L^8JDc^vz9',1),(99,'Bernab','Marqus','turgraciela@hidalgo.es','xO^2LxJ$)7',1),(100,'Flavio','Espaa','xiomara17@ferrero.com','az#Pp91b@3',0),(101,'Sandalio','Ordez','narcisacanet@gimenez.com','!O7iUOvz^$',0),(102,'Etelvina','Villalobos','montserratbejarano@borrego.com','y9TSwYxW#k',1),(103,'Jovita','Rossell','beltranheraclio@gmail.com','(2FSVRm@++',0),(104,'Elodia','Calvet','josefinacampillo@perales.es','97_N4fYqpQ',1),(105,'Patricio','Canals','marcelino54@hotmail.com','*n!(!6Ib)A',1),(106,'Ligia','Caizares','saznar@gmail.com','GgB0PIuw^Z',0),(107,'Gerardo','Martin','emilianaosorio@gmail.com','XS3%bUri(@',1),(108,'Carlito','Lara','jessicacanas@yahoo.com','#_0xCh20ya',1),(109,'Priscila','Grande','ecalderon@gmail.com','_1aKOitg@3',1),(110,'Mateo','Torre','alfonsolozano@otero-bello.com','g!$o8N5j)4',1),(111,'Esmeralda','Martnez','alejandroavila@hotmail.com','2P2EfQzT+5',0),(112,'Rico','Montoya','bsales@hotmail.com','5LP)LWtf+2',1),(113,'Asdrubal','Arrieta','benjamin35@yahoo.com','@7sBnqWRZt',1),(114,'Genoveva','Mnguez','barcovera@yahoo.com','%n7*LPLb8%',0),(115,'Sebastin','Reina','josesolsona@gmail.com','2!0Z*CJw&k',1),(116,'Ruben','Garriga','mamador@hotmail.com','%1MDCn)R+R',0),(117,'Clmaco','Julin','hrosa@vicens.com','%7CbCNNDc0',0),(118,'Amor','Segovia','mancebocarla@hotmail.com','9v7GWNJx)e',0),(119,'Vito','Salv','diezmaria-pilar@huerta.es','!(cF0vl()8',1),(120,'Brunilda','Tirado','andresnoemi@hotmail.com',')(K6vud$*0',0),(121,'Moreno','Royo','morellherminio@gmail.com','Qo2AuaLn4)',1),(122,'Chelo','Sedano','hagudo@bertran-leal.org','_7WKiDWsOj',0),(123,'Fidel','Quintanilla','georginaprado@gmail.com','@9MYa#hj^0',1),(124,'scar','Ferrero','ainoacordero@hotmail.com','(LcBW!Ln24',0),(125,'Leoncio','Galindo','castillojordana@hotmail.com','h7uKVJCp_7',1),(126,'Luna','Gomez','pastora99@gmail.com','^RSrvVH2k1',0),(127,'Olimpia','Serna','maristelagordillo@hotmail.com','i*zY7BUjrA',1),(128,'Lus','Atienza','amormanzanares@hotmail.com','^&1434NxGu',1),(129,'Agapito','Yuste','eabad@rosado-chaparro.org','z1*0Tdlf8L',0),(130,'Fernando','Pedrosa','pomaressara@abella.es','^kG9XJlM59',1),(131,'Gil','Gutierrez','cornejomaxi@gmail.com','C1iwlJx^$f',1),(132,'Eli','Pombo','jerezadelina@gmail.com','lH$!8WCh_s',0),(133,'Lorenzo','Mendez','haroldo78@hotmail.com','I3IGkUbf!V',0),(134,'Iris','Ferrando','alemanypaulina@yahoo.com','iL7LANKm*3',1),(135,'Reyes','vila','nuria78@morcillo.com','#3&Eri$MZI',0),(136,'Bernab','Sans','cuellaredgardo@yahoo.com',')QLrkBX!9O',1),(137,'Cecilio','Conde','gcabo@pol-vaquero.es','%30Jum^d5g',1),(138,'Cristbal','Perales','calixta26@yahoo.com','f#!o4ISwxA',0),(139,'Nicanor','Casares','sobrinocristian@yahoo.com',')tIdtbRmg7',1),(140,'Sandalio','Ortega','estefaniaortega@montserrat.es','%7sBCLwH&)',1),(141,'Lara','Ocaa','avilaangel@bermudez.com','Sez(3K3z%2',0),(142,'Encarnacin','Vilaplana','jmadrid@yahoo.com','jm(4OaJ3)2',1),(143,'Perla','Gras','cleto19@escamilla-codina.net','L(1Cv+&#4^',1),(144,'Emperatriz','Gutierrez','spla@riera.com','&&zDYolN4l',1),(145,'Gernimo','Manzano','eligia70@gmail.com','3xTYUpr&&s',0),(146,'Ambrosio','Tejero','gelabertmodesta@yahoo.com','@0j7uOgGJy',1),(147,'Sara','Poza','claudia54@hotmail.com','8W(1RtUs0Q',1),(148,'Florina','Palomar','bernatsabina@hernando.com','Q&8KjIPotx',0),(149,'Mara Beln','Barral','sarabarros@canellas.net','59wUkpg_*N',1),(150,'Rafael','Cabello','andrea79@botella.es',')P%27Gjjag',0),(151,'Azahara','Tormo','zbermudez@yahoo.com','xz+f6FjC!@',1),(152,'Ana Sofa','Valencia','jodarernesto@ferrandiz.com','CV5%LhDk%t',0),(153,'Clmaco','Calvo','paolamoya@serra-nunez.es','@0l!FiicSk',0),(154,'Gabriela','Puig','alfonso08@araujo-roca.es','&F2ATLpl*f',1),(155,'Delia','Agullo','cipriano05@martinez.com','hh0#4VmqW)',0),(156,'Victor Manuel','Gallardo','patinolidia@gmail.com','!7oSsXfw$T',0),(157,'Rosalinda','Roldn','piedadmuro@gmail.com','_8JhN4Krw1',0),(158,'frica','Guzmn','vposada@villanueva.es','7TeJFkY7!8',1),(159,'Albino','Caete','angeles54@hotmail.com','Dg5J*+Wz(4',1),(160,'Francisco Javier','Diguez','bernabe90@villegas.es','1%97BLib5Y',0),(161,'Paca','Vilanova','guadalupe64@hotmail.com','$76xDChpV9',0),(162,'Luciana','Garrido','agudomarc@gmail.com','jB4TOx%g$9',0),(163,'Ambrosio','Neira','sreal@gmail.com','MTpd(4TbSG',0),(164,'Saturnino','Riquelme','valencianosegismundo@gmail.com','E(bZ7Bjr@v',0),(165,'Estela','Calzada','anastasiabriones@maestre.net','qW8*YjCz^2',0),(166,'Loida','Amig','aexposito@gmail.com','$CR0&wAr@c',0),(167,'Pelayo','Alberto','dianavalle@hotmail.com','W*6PP)No(Z',0),(168,'Loreto','Redondo','desiderio19@yahoo.com','(&n#f3JbX_',0),(169,'Gerardo','Ramn','frutosdanilo@yahoo.com','&Ak1H)HvWm',1),(170,'Urbano','Santiago','ulises56@yahoo.com','%qqV!Abc_4',0),(171,'Asdrubal','Solana','ciriaco68@gmail.com','YI6mnCGp#s',1),(172,'Sabina','Pons','cesar61@ortega-villegas.com','+#ybqOGdT7',0),(173,'Beln','Ibaez','xtorre@hotmail.com','bf@Q1X8k1q',1),(174,'Nerea','Santana','olegariopozo@escobar.es',')7QO0Avr_F',1),(175,'Leonel','Artigas','florencia07@gmail.com','s^9(GcTQVM',1),(176,'Esperanza','Juregui','solsonaluna@bastida-pintor.net','#3!FQf$H5j',0),(177,'Amarilis','Soler','marta02@gmail.com','^U9$#Uqw+1',1),(178,'Teo','Torrent','nico21@yahoo.com','V!9lIvhjFk',0),(179,'Sabina','Sureda','jorge79@rojas-zamora.es','^b6a8!Sl(w',0),(180,'Benigna','Balaguer','vvicente@comas.com','(W@q2CCe##',1),(181,'Priscila','Fuentes','chicoelodia@gmail.com',')J7H*p#68!',0),(182,'Jessica','Vilalta','hnunez@morcillo.org','Qb*2OgI$N*',1),(183,'Josep','Suarez','muletvinicio@gmail.com','52P0Ax4z#p',1),(184,'Mara Fernanda','Lastra','toni61@rios.com','bF166uFk*q',0),(185,'Tito','Alcalde','vicensamor@yahoo.com','+fkYDp1@+2',1),(186,'Adn','Ropero','gonzalo19@hotmail.com','Y3dM@ncs+G',0),(187,'Maite','Escolano','faustino89@rios-benavent.com','!AN1#idYy5',0),(188,'Ftima','Barrios','donatocornejo@hotmail.com','E0C4wPCa%&',1),(189,'Ren','vila','romulopou@hotmail.com','%2Qs3Y!R2T',0),(190,'Florinda','Alberola','mvelez@yahoo.com','719CLJn0&p',1),(191,'Calixto','Milln','riverocalixto@lastra.org','x$X4V#_j1N',1),(192,'Saturnina','Carvajal','blosa@hotmail.com','E1qV+r(x%e',1),(193,'Haroldo','Rico','jpineda@saavedra.es','sFT*L9Ni#^',0),(194,'Ofelia','Verd','sanmiguelpiedad@beltran-barco.com','l+1YT(whU3',1),(195,'Hayde','Vizcano','reynaferran@gmail.com','Te5O$Fdd&_',0),(196,'Paola','Jara','guerraotilia@palomo.es','ze94MF4Z9^',0),(197,'Reina','Cullar','beatriz22@hotmail.com','(nj92H0!09',1),(198,'Eutimio','Soriano','luciana63@hotmail.com','@6EsYJVagb',1),(199,'Silvio','Quero','otovar@burgos.com','C#_%0QBqkl',1),(200,'Estefana','Bellido','villanuevaluisa@hotmail.com',')I9iDpjF4&',1),(201,'Candelario','Salom','sebastian80@gmail.com','9#4$r3BhFs',1),(202,'Loida','Salazar','planasperla@hotmail.com','IFB0J)Xq&%',1),(203,'Rogelio','Codina','hilariollorente@gmail.com','m9B3Qpq0%e',1),(204,'Simn','Lozano','uribehumberto@alonso.es','$05gCT$tgo',0),(205,'Jeremas','Palomar','omarti@gonzalo-ruano.com','!1H3sgwaHj',1),(206,'Felisa','Marco','caridadrocha@alamo.es','T95FFnpF(f',0),(207,'Juanita','Manzano','marianalarranaga@santos.es','7qGDH#h@#J',0),(208,'Paloma','Escribano','qmunoz@hotmail.com','(4ALLlnuYO',1),(209,'Armando','Atienza','tcontreras@casals.com','lx)1FBPgNZ',0),(210,'Sabas','Pea','mohamed96@lopez.es','n#FQ9S*@+c',0),(211,'Casandra','Huerta','ksanchez@gelabert.es','f05zOxgt(p',1),(212,'Adelina','Cifuentes','lrebollo@chico.es','#9+1sUfi#K',1),(213,'Esteban','Galn','tomasavega@minguez.es','q_1^TQMa0%',1),(214,'Amrica','Garcia','castellanosamancio@ferrandiz.es','^53a1Sth@%',0),(215,'Balduino','Escriv','veraaranzazu@lujan-serra.com','8zN4UFyh!w',0),(216,'Abraham','Alsina','cortinacaridad@gmail.com','%22HPUZqhf',0),(217,'Severiano','Lillo','rmunoz@torres-baro.org','h5$znOjx*X',0),(218,'Angelina','Calderon','rmontes@cuesta.net','ylxUIOlF^0',1),(219,'Bartolom','Iglesias','moyamaximino@yahoo.com','DJ_qSu*f_4',1),(220,'Sarita','Guardiola','lisandro22@olivera.net','TIU3zVIst$',1),(221,'Isaac','Arribas','molllucas@gmail.com','*c^K1Dxjt+',0),(222,'Pa','Huerta','jordigutierrez@zabala.es','&4UAu2lexf',0),(223,'Leticia','Sandoval','mfranco@hotmail.com','(&1(uJ7gJ&',1),(224,'Consuelo','Jord','pombonoe@barranco.com','pBuP7xrTu_',1),(225,'Perlita','Urrutia','albamas@angulo.es','#Jf6bNrj@M',1),(226,'Jos Luis','Molins','ibustamante@gimenez.org','MRGUg0IF)4',1),(227,'Cayetano','Asensio','julie07@hotmail.com','$U0Kfb1s%4',1),(228,'Omar','Conde','ramirezroberto@hotmail.com','cF0YH%qy$D',1),(229,'Lucas','Chamorro','florenciovizcaino@yahoo.com','Wt6Y^RIW1!',1),(230,'frica','Vicente','calixta82@garcia.com','(2W*@zWYI5',1),(231,'Len','Ramn','zberrocal@gallardo.com','#m#FrPoZ#7',1),(232,'Martina','Murcia','lermaemelina@martin.com','R0yXzuCy%H',1),(233,'Javier','Gomis','teclamendoza@yahoo.com','K!8JyYAoMl',0),(234,'Adoracin','Valderrama','coral97@iniesta.es','LlmJbleE%0',1),(235,'Apolonia','Font','alcazaremilia@valenciano-conesa.com','y2psg1H%)^',1),(236,'Leonel','Cerdn','anibal82@hotmail.com','d9hFyli6)y',0),(237,'Pepito','Piquer','eutimiocanete@cabrera.es','P!4CI3IjAi',0),(238,'Andrs Felipe','Gras','mariselamorante@gmail.com','(7#4TGBhQd',0),(239,'Elpidio','Barriga','ursula08@morera-castellanos.com','$ZMVxWc#2i',0),(240,'Faustino','Cabezas','montalbaneufemia@gmail.com','@6+b*9%iRL',0),(241,'Micaela','Echevarra','vascopulido@hotmail.com','%DN84zYXx7',1),(242,'Alexandra','Toms','pbenet@gmail.com',')t9PnAUjwE',1),(243,'Anbal','Vall','hurtadoprimitivo@hotmail.com','W7$OPDnS#m',0),(244,'Juan Carlos','Valenciano','encarnacion57@serrano-lledo.org','N88EfxyVQ%',0),(245,'Omar','Espinosa','america70@benavente.es','Y5wsCCjw@6',0),(246,'Vilma','Peinado','villasabas@yahoo.com','*&Hsb@i9_4',0),(247,'Ruperta','Mata','hchaves@oliva.es','_yRPVv^NW3',0),(248,'Loreto','Gilabert','cornejoduilio@hotmail.com','r#ItF5BqK!',1),(249,'Benjamn','Oliv','eliasraya@aramburu.es','oW4ITon0p!',0),(250,'Isabela','Almansa','vzurita@arroyo.com','S!+8JbyQ&y',1),(251,'Vito','Mercader','carbajogracia@barreda-salvador.es','887KQuwhx(',1),(252,'Isabela','Manzanares','roldan03@galvan.es','+1RbhyTkSG',0),(253,'Odalis','Mrmol','jessica97@casas.es','a&RD3Gm&sp',1),(254,'Ariadna','Farr','modestaoliver@casares-bueno.es',')0Q!ByhKER',0),(255,'Fabio','Mir','cuencaanabel@gmail.com','Jai^52Gh&n',1),(256,'Natividad','Arribas','hector74@rosello.com','$5SRoMp_F6',1),(257,'Gervasio','Nio','sbejarano@yahoo.com','_^F7fjSmt8',1),(258,'Asdrubal','Suarez','hcueto@hotmail.com','tV3^HNZvJ%',1),(259,'Mateo','Ugarte','earaujo@yahoo.com','^E&!U5rZ5G',0),(260,'Salvador','Segarra','calistosilva@yahoo.com','xRBm7%Mm&*',0),(261,'Ciraco','Bosch','climacomontserrat@chico.com','%L3@eLAxw+',0),(262,'Jessica','Montenegro','cruzgras@hernando.com','xIxl^HMc@6',1),(263,'Macario','Pedro','titocardenas@olmo.com','+H@OOoxuO3',1),(264,'Vencesls','Ferrera','fsobrino@valderrama.com','*7Ks*m_t*1',0),(265,'Bartolom','Correa','emiliohidalgo@hotmail.com','T_8sJT1Ugf',1),(266,'Leocadio','Alvarado','sonia79@hotmail.com','0o8RWYw41@',1),(267,'Alba','Saura','ramiseladio@sancho-quesada.com',')r3tXNuPuJ',0),(268,'Charo','Carbonell','maitelaguna@melero.com','xi0wSwgQz+',1),(269,'Nerea','Sez','lsolera@vara.com','745glZ*g#N',1),(270,'Clotilde','Piquer','vasco51@zamorano-blazquez.es','IIXVXg3N*2',1),(271,'Ismael','Alarcn','farmas@hotmail.com','98iP*gsC+w',1),(272,'Gala','Caballero','adelinaugarte@angulo.es','UO9PCAp6)R',0),(273,'Alexandra','Quintanilla','suredamaria-dolores@gmail.com','%!C95Jy4QE',0),(274,'Amando','Escolano','amadornunez@cerdan-barragan.es','BLr4ZgVt!0',0),(275,'Marciano','Riba','pvalcarcel@grau.com','E+jgX2Vag4',1),(276,'Dulce','Muoz','amigopablo@gmail.com','^(yi(7TcRG',1),(277,'Felicidad','Villanueva','gasparmas@manuel-ortuno.com','m^T8Oq!e(d',0),(278,'Rolando','Cspedes','epuig@hotmail.com','@$1i^*@z@K',1),(279,'Vanesa','Solana','malenapallares@delgado.com','&@Z8coWyG7',0),(280,'Consuela','Adn','ialcaraz@gmail.com','q7%xFjja@e',1),(281,'Irene','Cabrero','palacioodalis@hotmail.com','7TcJIsaG^t',0),(282,'Eladio','Valcrcel','espinosacelso@yahoo.com','@1QllD6ygr',0),(283,'Guiomar','Ibarra','palomoregina@yahoo.com','1+5Lsfw)BT',1),(284,'Calisto','Gil','xaguilera@yahoo.com','#5OPchq#%K',0),(285,'Prudencio','Fonseca','sosimo11@velazquez.es','_ssE5PPn(z',1),(286,'Juan Francisco','Escudero','feliciana34@gmail.com','MG$E1@Ze&*',1),(287,'Rita','Castell','emiliano04@gmail.com','8l6Y&kkr%(',1),(288,'Ral','Leal','rocana@gmail.com','d&@FcnbB_4',1),(289,'Plinio','Palomino','carolina44@jordan.es',')BGu1Py57h',1),(290,'Tere','Pina','emiliatoledo@asensio.es','@yb1FNlA9$',0),(291,'Lope','Piquer','jose-franciscofernandez@gmail.com','&5Si(L$KM#',0),(292,'Rufino','Tomas','sosimo62@yahoo.com','C&uFI5GuW4',0),(293,'Seve','Pez','berrocaledgardo@corral.net','*9O66XolNP',0),(294,'Sosimo','Vega','pepita34@gmail.com','@qF^O)exc3',0),(295,'Casandra','Sols','fmercader@hotmail.com','_^TYQntp8)',0),(296,'Rodolfo','Leiva','prudencia75@artigas-soriano.org','_fC+6Ofu4(',0),(297,'Vinicio','Conde','rogeliojimenez@hotmail.com','9HsB5PlV1!',1),(298,'Primitivo','Ropero','aperalta@gmail.com','T4U6KMOg#y',1),(299,'Fernanda','Cerezo','kposada@quiroga.es','tGCyRUoo!3',1),(300,'Teresita','Ruiz','crivera@hotmail.com','X4+q@cDs(S',0),(301,'Jos','Fras','nereaalcantara@marti.es','%+MMSG&lo3',0),(302,'Lina','Martinez','goniemelina@gmail.com','3#5YiKNl76',0),(303,'Noa','Via','zaraujo@gmail.com','G5o&CLfm(Q',0),(304,'Irma','Avils','constanzaduque@yahoo.com',')XRz$*ptl9',1),(305,'Concepcin','Caro','elenaguerra@polo-robles.com','#5lp7QzQ@t',1),(306,'Alfonso','Arias','efrainfigueroa@colomer.net','x+5x*QSed@',0),(307,'Ana Sofa','Gelabert','casadoamada@hotmail.com','_RE^mn5B45',0),(308,'Lucila','Bilbao','nrosa@yahoo.com','k+n4wUQMMj',1),(309,'Marisa','Rovira','cristoballopez@yahoo.com','(kMfWjDQx5',1),(310,'Ins','Sandoval','lporta@bilbao-vizcaino.es','k*L9NJnbV_',0),(311,'Romn','Puerta','manu84@gmail.com','%*(1eN6bXJ',0),(312,'Gonzalo','Casal','myuste@marques.es','2$3YxBL_4+',1),(313,'Edgardo','Crdoba','crescenciamontana@gmail.com','C@4OnH)7ei',1),(314,'Lus','Salas','xtello@arrieta-patino.es','$U6o5Ml(gh',0),(315,'Mara ngeles','Mate','wfuente@nicolas.net','(wS7NUckE1',0),(316,'Porfirio','Mendoza','lealharoldo@morell.com','!^aI)GwrV8',0),(317,'ngel','Albero','yortiz@sanmartin-silva.com','J+9V7ItQo#',1),(318,'Fortunato','Ugarte','ycaballero@gmail.com','7q9HTb2eR@',0),(319,'Florentina','Cuevas','emiliaponce@gmail.com','^7DX0tVwey',1),(320,'Aurora','Villalonga','joaquinquiros@gmail.com','N8cB51Lf_k',1),(321,'Ricarda','Montaa','alcides43@hotmail.com','s$6OY7!eQH',0),(322,'Trinidad','Cmara','linogallo@gmail.com','^iBAj@^q2I',1),(323,'Anselmo','Anaya','raimundo01@muniz.com','Qj9JvME*_t',0),(324,'Samanta','Bustamante','cblanco@casanova.com','Wf!7Q3Yyl4',1),(325,'Luz','Cueto','pastorapozo@anglada.com','+#9CQxIWcV',1),(326,'Amador','Barreda','pedrosapatricia@rebollo.com','+$6Ge)1Lsf',1),(327,'Esperanza','Belmonte','lola20@yahoo.com','(C06s3AhB3',0),(328,'lvaro','Carb','ycatala@yahoo.com','b222Umkcc+',0),(329,'Vera','Verdejo','ucarro@gmail.com','9v$EZkIr+3',1),(330,'Cayetana','Mendizbal','jose-manuel45@hotmail.com','RMI1JoQPf(',0),(331,'Domitila','Iriarte','castillojoan@gmail.com','@0fnUBdr&T',1),(332,'Luis','Guilln','barriosloreto@mateo.org','T0+L3J4v+l',1),(333,'Alonso','Llabrs','pbolanos@yahoo.com','DR&^0$SciA',0),(334,'Felicia','Losada','felicianagrau@espinosa-trillo.es','*v6KLzh!yf',0),(335,'Seve','Vaquero','gil91@madrid.es','8_QSCi1f_d',1),(336,'Emigdio','Almansa','mayolmatias@baez.com','@uvJ9Q)b_e',0),(337,'Sara','Alczar','camachoruben@yahoo.com','QRx8Mfu*3@',0),(338,'Amanda','Enrquez','hidalgocasemiro@salgado-cespedes.com','Mxp4FPn5l&',1),(339,'Florencia','Oller','buendiaguadalupe@zabaleta.org','yX6(O_lu@+',0),(340,'Gema','Carrera','virginia10@hotmail.com','oc*hNXSK*6',1),(341,'Fabin','Almansa','cervantesmarina@canete.es','!e6O^FpfQi',1),(342,'Elodia','Tamarit','fluna@hotmail.com','FkdZBq@9&6',0),(343,'Matas','Matas','emigdioteruel@gmail.com','5$+LU7Fv(J',1),(344,'Encarnita','Ricart','carrolupita@palmer-lara.com','ou_3DxfH)%',1),(345,'Gervasio','Alsina','cuervojenaro@gmail.com','o8Hqm!oa!l',0),(346,'Mximo','Lled','angelina05@yahoo.com','&VJ(1Bd!1)',0),(347,'Odalys','Manzanares','ndiaz@solsona.com','AZF5Wk@zA!',1),(348,'Nicolasa','Cabrera','soniacarbonell@plana.com','1^@2!pJfFw',0),(349,'Basilio','Barrios','zibanez@bas.com','(7ELR^b&+M',1),(350,'Gaspar','Borrell','rosinocencio@lumbreras.es','(o08DEsk_3',1),(351,'Adora','Tello','irenecadenas@hotmail.com','zYI9NNFj!#',0),(352,'Griselda','Tudela','irene80@torrent.com','%3DTac5d^#',0),(353,'Renata','Querol','omarin@ibarra-benavente.org','#FEvN)oj3l',1),(354,'Wilfredo','Puga','roque68@rey.org','1P)Y6OqESP',1),(355,'Jose Ignacio','Arnal','eguillen@capdevila-nevado.es','lEFypEUT!7',0),(356,'Porfirio','Tirado','chitasalinas@gmail.com','Pz)1BKrjTE',0),(357,'Edelmiro','Montalbn','ufigueroa@yahoo.com','t0TB^0pg)X',0),(358,'Adalberto','Cerd','aureaarco@fiol-carrera.com','_s6EwAqlj*',1),(359,'Eutimio','Morales','tapiajosefa@yahoo.com','Uat(4Hvr%m',1),(360,'Hernando','guila','brigida64@gimenez.es','()!2Lvxi8b',0),(361,'Camilo','Blasco','ipellicer@hotmail.com','$0BgRGGn23',1),(362,'Hiplito','Jove','hprat@acosta-elias.net','E45EYiuc$X',1),(363,'Iris','Pereira','guadalupeochoa@daza-landa.es','TufNSFd+!0',0),(364,'Gracia','Galindo','yquintero@gmail.com','807NjhP*$D',0),(365,'Palmira','guila','pmiranda@cifuentes.com','*IHcL0MvR6',0),(366,'Florentina','Crdoba','grequena@hotmail.com','r@l2TCLq+w',0),(367,'Roque','ngel','diezxavier@yahoo.com','XO19Gmo&)3',0),(368,'Fortunata','Fuertes','uamores@yahoo.com','8I#7NlUGM8',1),(369,'Abel','Beltran','pellicerhernando@oller.es','(6_Wlv09w%',1),(370,'gueda','Iriarte','rmorcillo@valenciano.org','RfaJBzpJ+3',0),(371,'Ulises','Criado','qbertran@gmail.com','B104VmU@%e',1),(372,'Simn','Serna','aroacerdan@yahoo.com','ral#6ChY(h',0),(373,'Eliana','Pieiro','onofre25@villar.es','#G*K4PVgr1',0),(374,'Eutimio','Morera','maitepalomares@gmail.com','!HMNIafa89',0),(375,'Pascuala','Garcia','eliseogiralt@cordero-lorenz\no.es','ZmSt5QQdV$',0),(376,'Fortunata','Aguilar','francisco19@hotmail.com','BT5Y&fqo6#',0),(377,'Odalis','Bejarano','alorenzo@palomo.es','60QhIKc2@y',1),(378,'Aura','Dvila','jfigueroa@gmail.com','yLi6eRZX+7',0),(379,'Nacio','Fajardo','dcuervo@piquer-arevalo.es','P^i8BsR#h%',1),(380,'Amaro','Montesinos','valerapaulino@gmail.com','4wBSBW9m$c',0),(381,'Jose Ramn','Corominas','urubio@jodar.es','#_t5MoGf(n',1),(382,'Gerardo','Alemany','maribelpiquer@gmail.com','j^7ryE&fC_',0),(383,'Camila','Bayona','cfabregat@belda-jaume.es','crzNF9as&7',1),(384,'Brbara','Machado','tito30@arroyo-ledesma.org','_C79U*iuF#',1),(385,'Amrico','Larraaga','eyuste@gmail.com',')7PK77Hfl@',1),(386,'Domingo','Pastor','wcriado@criado.net','#N^4Vl6Azi',0),(387,'Melchor','Izaguirre','lriera@yahoo.com','^QSYg!UAv4',1),(388,'Etelvina','Beltran','alegreivan@gmail.com','A$4N8*AbHt',1),(389,'Nazario','Pombo','augustorius@larranaga.com','#E^(&KwQB5',1),(390,'Alonso','Planas','victorvergara@arco.es','E%o1UcWPty',1),(391,'Lucas','Bravo','lopevalenciano@gimenez-bautista.es','GOz0_X@aS)',0),(392,'Ricardo','Oliveras','cristinauribe@yahoo.com','Pd3Bo@^P+#',0),(393,'Noelia','Caas','molessilvia@perez.net','+5Yf#y^oM+',0),(394,'Isaas','Snchez','aureliano99@acedo.org','s6gsR+IrL#',1),(395,'Teodoro','Exposito','barbara06@gmail.com','T%Z9$2nkEH',1),(396,'Reynaldo','Barros','ayalaquique@hotmail.com','WU_2o5zV!9',0),(397,'Josefa','Bar','bernardoayala@yahoo.com','p1Zg!Kit+&',1),(398,'Mariana','Roma','sampercalista@yahoo.com',')eR9fXmD1e',0),(399,'Eric','Mayoral','colomagabriel@yahoo.com','Q6uWvmnv(!',1),(400,'Vernica','Falcn','luisabadia@hotmail.com','Jm+4g3Da*7',1),(401,'Feliciano','Castejn','bayohernando@gmail.com','r6kneB+h@i',0),(402,'ngrid','Cordero','vanesa48@carbo-crespo.com','_OfWbu4n0a',1),(403,'Melisa','Peir','emilianopedraza@serra-gargallo.net','^u98HjYj(X',1),(404,'Faustino','Heredia','alexandradominguez@gmail.com','I0v@1Y(ezi',0),(405,'Tomasa','Pol','orozas@perales-ballesteros.com','(7XSyc9PLr',1),(406,'Lilia','Zabala','ruy55@yahoo.com','^0V(RwFe#C',1),(407,'Alfonso','Burgos','felipalastra@hotmail.com','@c5^ZHv6&B',0),(408,'Glauco','Valcrcel','ramon52@palomo.net','P+7D#njJIw',1),(409,'Daniela','Milla','osacristan@yahoo.com','qo4mmW^rA^',0),(410,'Ricardo','Porras','brioneshumberto@caceres.net','LFf+7DFc!O',0),(411,'Edgardo','Pedrero','mario68@hotmail.com','#bJ!4j*Te5',1),(412,'Aitor','Juregui','avina@carrasco-canals.net','cX)hhIcy@9',1),(413,'Martin','Antn','clotildearamburu@aviles-navas.org','+QQ75N%eeF',0),(414,'Gregorio','Carrin','abrilotero@yahoo.com','*+%Q%nRdW4',1),(415,'Quirino','Mir','mayoralisa@perez.com','@3&1DBYh2X',0),(416,'Emiliano','Lago','aureliano04@gmail.com','!12jKvZlFp',1),(417,'Rosa Mara','Gascn','corominasliliana@mendez.net','Vd&4AAy6jD',1),(418,'Jose Miguel','Robledo','diegotomas@gmail.com','KNFd1ATy)N',1),(419,'Estefana','Falc','hsantiago@yahoo.com','x%W81wPgp+',1),(420,'Chuy','Pieiro','westevez@manzanares.net','2zFLLnx(%*',0),(421,'Cipriano','Pinedo','vidalcuevas@gmail.com','W$R0al_7+4',1),(422,'Visitacin','Pelayo','pujadasmaria-jose@yahoo.com','y1*#sGYy)W',0),(423,'Heliodoro','Crespi','benitomacaria@domingo.com','__Oe2!TC$8',0),(424,'Fulgencio','Roura','jordanselena@hotmail.com','^H)p4Yv$FV',1),(425,'Chus','Amors','casanovamelania@yahoo.com',')Yh8@VsTbN',0),(426,'Pepe','Godoy','constanzaespinosa@gmail.com','0o$3WE0eX)',0),(427,'Joaquina','Barragn','danielacevedo@hotmail.com','co5Jm8hN&W',0),(428,'Dalila','Vilaplana','busquetsamaro@torrecilla.es','T%i6ZTuM)A',1),(429,'Marcia','Chamorro','gcomas@bertran.org','fi4vCn8zA#',1),(430,'Ivn','Valbuena','angelina48@llado.com','t5UH!PLy)K',0),(431,'Federico','Barber','ariel88@coronado.net',')f#^jXmj6j',0),(432,'Josefina','Julin','sgrau@perez.org','EUi74@Lnj&',1),(433,'Hiplito','Mart','espiridion60@tejera-gargallo.com','S6Z_ZU3n)(',0),(434,'Isaura','Pedrosa','rufino01@valencia-goicoechea.net','^2Sf)#o^#(',0),(435,'Amando','Mora','pcuellar@hotmail.com','9UrmJr&!#3',1),(436,'Germn','Casal','hugoreina@yahoo.com','cz2v%EX%J&',1),(437,'Amando','Castrillo','bellonicolas@gmail.com','5^z5Sa)mv$',1),(438,'Micaela','Sanz','epalau@gmail.com','%F9QcJgh#1',0),(439,'Manuelita','Hoyos','pacedo@hotmail.com','#5U62dBpTL',0),(440,'Evita','Padilla','gregoriorubio@hotmail.com',')eG3ikKhB2',0),(441,'Tomasa','Gimnez','emmaenriquez@carpio.es',')pjLqGZd!0',0),(442,'Delia','Coloma','ibarbera@yahoo.com','+%f_!wV*3o',0),(443,'Maricela','Rivas','amilcarvallejo@aviles.es','Ft2VyX*D^)',1),(444,'Lorenza','Leiva','juan41@hotmail.com','*m(1*Zxb6@',0),(445,'Ruperto','Marquez','bernardanicolau@yahoo.com','$A4XI8Wnb_',1),(446,'Sosimo','Pascual','armaspanfilo@hotmail.com','_zL6H$Po75',1),(447,'Jimena','Vega','gabrielavalentin@yahoo.com','EW2snGid+@',0),(448,'Cirino','Luque','salgadomaria-fernanda@miranda.org','@8TO+KJfG1',1),(449,'Miguel','Glvez','leonormaestre@gmail.com','f6ZJy4QG(V',1),(450,'Alicia','Goicoechea','benaventjose-angel@gmail.com','*2NOZCaoja',1),(451,'Noelia','Mar','manu88@gmail.com','#y4ZuDtC9+',1),(452,'Tania','Palma','baguila@aleman.es','N12FRi2I^M',0),(453,'Bruno','Garca','vianaagapito@hotmail.com','_80ySrX8CM',1),(454,'Ani','Carb','clarapera@osuna.com',')%#eKxtA98',0),(455,'Reyna','Gordillo','odalys78@yahoo.com','5%8+Xt#wTh',1),(456,'Pastora','Carb','mendezhugo@hotmail.com','eK1#1Tcd51',1),(457,'Loreto','Llad','jmontoya@yahoo.com','^60aMbgaY3',0),(458,'Adora','Cruz','ymillan@gmail.com','kcV0)PMdN$',1),(459,'Adalberto','Valls','acevedocloe@hotmail.com','!MTekzV__6',0),(460,'frica','Landa','emedina@montes.com','3jE7)vPcu_',1),(461,'Ciraco','Luque','andrescastro@yahoo.com','&1WK!PuX0q',1),(462,'Plcido','Toms','elodia99@pinedo-ribas.es','@p2!JqsW2k',0),(463,'Mxima','Gibert','rodrigovictor-manuel@gmail.com','_#5CdWy2w0',1),(464,'Baudelio','Company','caraujo@hotmail.com','!UwsSWly+3',1),(465,'Cayetano','Calvet','manzanojeremias@olive.es','fu*y8Utno*',1),(466,'Georgina','Riba','rafaelgoicoechea@salva.net','9i2UIscHx!',0),(467,'Nydia','Coloma','trinidad01@yahoo.com','p)1IIHqo1v',1),(468,'Delia','Villegas','montesinosconstanza@caparros.com','&7CI_M8!El',1),(469,'Mara Jos','Urrutia','coronadojosefa@yahoo.com','*VKK%(Yq7M',1),(470,'gueda','Nicols','constanzaguitart@yahoo.com','169GlVb5_A',1),(471,'Pacfica','Navarro','amilcaralvaro@montserrat.com','t*&g1+Az^@',0),(472,'Corona','Daz','gespinosa@pozuelo.net','YJkpdVxd*6',1),(473,'Valeria','Duque','wtalavera@hotmail.com','o!08MCDri@',1),(474,'Anunciacin','Bentez','azaharaquiros@ferran.com','Yod5l#wk@0',0),(475,'Cayetana','Delgado','camilomachado@hotmail.com','T4R^YpbC+3',0),(476,'Macaria','Maldonado','graciafolch@gmail.com','#6obLGn!xV',1),(477,'Nico','Bernat','anselmosegui@gmail.com','_1$yERSveE',0),(478,'Juan Carlos','Jurado','atilio53@yahoo.com','Jc$v#5Yjex',1),(479,'Alejo','Iniesta','clementepino@gmail.com','aX1Zy$rzC_',1),(480,'Rosalinda','Saavedra','aguirrequique@yahoo.com','$+#6ElO^S#',0),(481,'Gloria','Calvo','carbajogisela@villanueva.es',')wAo^Arn3e',1),(482,'Paz','Pintor','hrincon@hotmail.com','QV#5FX6i$7',1),(483,'Gerardo','Tolosa','vivianafrias@gmail.com','*8Q8R1Bn)z',1),(484,'Marco','Saldaa','bbernal@falco.es','%655Byctek',0),(485,'Domingo','Zaragoza','epiquer@hotmail.com','@1x2WqsiPe',0),(486,'Encarnita','Azcona','solepio@gmail.com',')^ah9^Itls',1),(487,'Jacinta','Ruiz','lmarin@nunez.com','&$aW6YBdhV',1),(488,'Martirio','Padilla','arenasamerica@gmail.com','_uJXoWVe9t',1),(489,'Lara','Ayala','yvalero@gmail.com','V3eSoc$G!x',0),(490,'Albino','Aroca','llucheligia@gmail.com','i70Rov%w@!',1),(491,'Lupita','Oliver','merinoamerico@yahoo.com','3g_1TfOfP&',0),(492,'Amlcar','Avils','quirosmartin@gmail.com','J&x30Gq@Y^',1),(493,'Ani','Palacios','posadadiana@miguel.es','+5C0qt)b6I',1),(494,'Mayte','Leal','alcalaeutimio@hotmail.com','a@79Xei^&)',0),(495,'Baltasar','Blanes','torrentsebastian@yahoo.com','LR72CP!o$+',1),(496,'Catalina','Torrents','mar77@carreras.es','m9THqxwa&l',1),(497,'Macarena','Perell','dulceabascal@camps.net','%ElLFFUpZ8',1),(498,'Amlcar','Egea','fferrero@murillo.com','Tb0L$Cqm#5',0),(499,'Benito','Mrquez','loreto00@yahoo.com','*9bJHruqfX',0),(500,'Florentino','Criado','luiscaro@hotmail.com','(13KYTyPGh',0),(501,'Adelaida','Acedo','alcaldetere@fuertes.com','@0BE6sMi(0',1),(502,'igo','Martn','imelendez@gmail.com','wY5aX)uB+g',1),(503,'Marcio','Sandoval','raul02@yahoo.com','1H5G*2cv&b',0),(504,'Tomasa','Fabregat','vilaplanaseverino@gmail.com','_3VFyfuod5',1),(505,'Leyre','Caparrs','nadalpedro@yahoo.com','#8EfXpPLzV',0),(506,'Mireia','Hidalgo','isidorasanjuan@garmendia.es','cZTXi*TB!4',0),(507,'Rmulo','Bilbao','ublanes@ortiz.es','@t0cMmpwA2',1),(508,'Roberto','Aroca','nnunez@yahoo.com','+Uesb7Eb_&',1),(509,'Natalio','Barroso','bayonsilvio@hotmail.com','#%R#8xLzkh',0),(510,'Anselmo','Garrido','francisco-javier87@yahoo.com','_7+AtE_Ein',0),(511,'Marisela','Paniagua','adora06@juan-soler.com','Bf7PHCwpa^',1),(512,'Amancio','Jaume','mcerro@mendez.es','L3N)qlVp)L',1),(513,'Pacfica','Mart','luis25@hotmail.com','@6&H1qnq01',1),(514,'Isidro','Sanjuan','pmuro@yahoo.com','&T&ICvh4c1',1),(515,'Rufina','Valderrama','eugenia69@carballo.es','xk)4Np*Xug',0),(516,'Miguel ngel','Baos','yyanez@hotmail.com','8+3Syh$H41',1),(517,'Lino','Carb','sanchosalamanca@gutierrez.es','6##OB$Es$m',0),(518,'Olimpia','Tudela','qdieguez@yahoo.com','&VS6COqVd5',1),(519,'Eli','Pealver','burgossabas@yahoo.com','5@iJ)so5CI',0),(520,'Paloma','Sez','octaviobenitez@yahoo.com','@STE2TGdzY',1),(521,'Lucio','Bilbao','angelicafiguerola@real.es','!^fHqsrRO5',1),(522,'Amancio','Rocamora','danibanez@hotmail.com','QFXM0lUc+8',1),(523,'Lorenza','Hurtado','qamoros@gmail.com','_!ShqX2i&X',1),(524,'Jos ngel','Juregui','pcampo@mercader.es','+zA9@95zA1',1),(525,'Jose Miguel','Miranda','ccastellanos@anton-quevedo.es','+u1A5Kcfbk',1),(526,'Ruperta','Ferrer','leivachema@quintana.com','1wa3XveK_7',1),(527,'Remedios','Cuenca','amariscal@guillen.org','21xzPWjt&C',1),(528,'Ruperto','Olivares','cirogomez@gmail.com','Pq#5JLPw^B',0),(529,'Lzaro','Palma','norberto98@arnau.net','&O8CNCRtK2',0),(530,'Flavio','Egea','pazherranz@arce.com','s7SEO2Yi$r',0),(531,'Fabio','Alberto','rodriguezjulia@silva.com','*kI&4^PmsZ',1),(532,'Joaquina','Morales','edelmiraazcona@yahoo.com','%2H+SVKt%9',1),(533,'Vanesa','Portillo','sanzalonso@campo-coll.com','Ox8XYKsO_H',0),(534,'Daro','Casanovas','cocaraimundo@yahoo.com','J7B5Qxpn#g',0),(535,'Lupe','Sez','wgirona@barragan.es','*365kLepUP',1),(536,'Noa','Sarmiento','cbelmonte@pinilla-diez.org','*yKu2Li_06',0),(537,'Fausto','Velasco','antonio10@lara-taboada.es',')FKN*eU@h9',1),(538,'Pepe','Villalobos','arturo19@hotmail.com','_18gQn0D%o',0),(539,'Rufina','Palau','upellicer@millan.net','HJ5Vk7!cQ!',0),(540,'Ivn','Dalmau','barberoelodia@bilbao.com','K$(R!niR@1',1),(541,'Victoria','Rueda','felicidad75@olmedo.es','%6a@76lfMF',1),(542,'Ana Sofa','Fuentes','ssacristan@gmail.com','w0u+lGjq%M',1),(543,'Esperanza','Huerta','vallejoomar@pinto.org','z+3iKiyqH^',1),(544,'Sigfrido','Botella','eacuna@gabaldon.com','+55GMpCj^n',1),(545,'Manuela','Tllez','enriquebarreda@clavero.com','m9rENnKK)m',1),(546,'Arturo','Cabanillas','carmelabautista@gmail.com','If93(IpCF!',0),(547,'Griselda','Domnech','valero23@palomino.es','!NDu5CQbq8',1),(548,'Hugo','Ortega','cardenaslorenza@agustin.es','fZRVfpB^#9',1),(549,'Flor','Chamorro','gloria00@yahoo.com','y87s!5Ph_@',1),(550,'Jonatan','Menndez','stejero@yahoo.com','s699GIKV+A',1),(551,'Curro','Jan','pprat@blanch-nebot.es','6!74MpPf1+',0),(552,'Anglica','lvarez','vgrau@yahoo.com','*2NF%p^pBc',0),(553,'Felipa','Mar','mesadelia@hotmail.com','$hJ4ZgbXx3',0),(554,'Aurelio','vila','jcrespo@villa.org','K4$s8Y1psH',1),(555,'Perlita','Redondo','jorge85@izaguirre.es',')6FN9dY0%)',1),(556,'Amelia','Benet','xvicens@aparicio.es','J0HZKpip@0',1),(557,'Albert','Cuadrado','rgrande@gmail.com','_1(1n$DW&f',0),(558,'Erasmo','Abelln','acedogaspar@sevilla.org','V0+C7TRelI',0),(559,'Joaqun','Verdejo','magdalena95@hotmail.com','Pz8oCB_xB$',1),(560,'Gertrudis','Bonilla','echeverriaalondra@jordan.es','XOXruFi*&2',1),(561,'Isidoro','Pealver','maximo65@hotmail.com','h$0B$8LdLu',0),(562,'Alba','Piol','juan35@hotmail.com','@5968KyJ$d',1),(563,'Remigio','Pozo','nazariomenendez@pallares.com','@LEU0!Yla6',1),(564,'Agustn','Sanjuan','alberdimaria-carmen@hotmail.com','$D0PZkw^Am',0),(565,'Amor','Roldn','tatianairiarte@estevez.com','^w^XMQIAQ8',1),(566,'Juan Carlos','Pags','gilberto58@hotmail.com','2w^1fJaW#3',0),(567,'Manolo','Pellicer','consuela12@gmail.com','5@y1Wg&ZQ6',1),(568,'Horacio','Jerez','cortesmireia@mulet.com','#7BucYj8(*',0),(569,'Paca','Aguil','carreteronelida@hotmail.com','+&05A9hEzN',1),(570,'Leyre','Chaparro','vargasjuan-luis@terron.com','weWi#3@l^1',1),(571,'Dionisia','Arrieta','jvina@gmail.com','k^u6@yRLQg',0),(572,'Conrado','Sevillano','morerasilvio@manrique-calleja.es','+_V2RRjb64',0),(573,'Tamara','Poza','noemi11@borras-albero.es','t$9j7%Og2R',0),(574,'Fabiana','vila','ildefonsogonzalo@aliaga.es','5)1Cy*oMb#',1),(575,'Amada','Redondo','custodia06@gmail.com','n3N8t1xz*R',0),(576,'Severo','Mart','vilaplanablanca@hotmail.com','BdMwZn#y+4',0),(577,'Gil','Lus','avilesjeronimo@gmail.com','3aGW8OM!5^',1),(578,'Octavio','Haro','xgallo@cobo.es','4!8FXVOocn',0),(579,'Baudelio','Ferrndez','realvisitacion@yahoo.com','9&9PBag9##',1),(580,'Ildefonso','Burgos','salacustodio@reina.es','$aPNgtly7_',1),(581,'Manuel','Tamarit','osorioulises@soler-baena.com','7V+KkoD4*T',1),(582,'Serafina','Cerd','malmeida@gmail.com','eS6!hQz__)',0),(583,'Antonia','Guilln','aurelia82@hotmail.com','^)89bGuvwc',0),(584,'Otilia','Morillo','jaimeurrutia@carbajo-melendez.net','+#AYwpP3^8',0),(585,'rsula','Valentn','vilareyes@arranz-lucas.es','!ugtZ*vM98',0),(586,'Jos ngel','Menendez','bienvenidasoto@pomares.com','_8JYD5v9Ck',0),(587,'Vilma','Porta','cbarral@palomares-carbajo.es','5OW7)pSb_X',1),(588,'Ruben','Peral','tabellan@gmail.com','+7%)QcOtYp',0),(589,'Martin','Tolosa','alberolache@gmail.com','#ROF(fjh&7',1),(590,'Febe','Mgica','ruben90@peralta.com','l7%C0KHm4+',0),(591,'Xavier','Morera','gomezcristian@hotmail.com','l!*9&NWeA0',0),(592,'Maite','Zamora','anna52@yahoo.com','^(Fw4d#Hq0',0),(593,'Elodia','Perez','augusto31@gmail.com','_7KCXwKAap',1),(594,'Samuel','Briones','marcelablazquez@gmail.com','Nvf1Qof!$q',1),(595,'Silvio','Domnguez','fabiana11@yahoo.com','lnM6NcOyH^',0),(596,'Florinda','Soler','morenaplana@fuertes.com','4d20Au9c)E',0),(597,'Prudencia','Rojas','esmeraldacabanas@higueras-ferran.com','1+VJDsC+(u',1),(598,'Nicolasa','Caete','patriciajauregui@hotmail.com','g*OK#9BvKN',0),(599,'Eliana','Menndez','juan-antoniohurtado@yahoo.com','Z&D7WfLWmp',0),(600,'Trinidad','Iiguez','romanjoaquin@yahoo.com','@33NlzyxoG',1),(601,'Chus','Castell','secoedelmira@gmail.com','!87cKrGe&+',0),(602,'gata','Lled','rosa-maria71@yahoo.com','SwJx5VGc5%',1),(603,'Mxima','Mateos','barbaradominguez@yahoo.com','x4i(JEHe#a',0),(604,'Samu','Lloret','eustaquio21@hotmail.com','u)aa2AvO$S',0),(605,'Marco','Lucas','sgisbert@adan.es','469zDi1RX$',0),(606,'Juan Bautista','Lujn','saenzflavio@miro-cabo.com','L74CDImFW)',0),(607,'Godofredo','Palacios','juan-luis05@gordillo.org','+he83Sjbc!',1),(608,'Elas','Ura','qferrer@gmail.com','Imi7GqdYg!',0),(609,'Modesto','Sureda','miguel-angelroma@hotmail.com','5K+9rKkkVa',0),(610,'Fernanda','Higueras','isauranoguera@alberdi-sevilla.net','%6dURSsa#$',1),(611,'Francisco Javier','Abella','sanabriamodesto@salamanca.org','32Rfwgs+(2',1),(612,'Noa','Ropero','florina40@huertas.org','_0HJRDvbW9',0),(613,'Esther','Marqus','villanuevaeva@yahoo.com','(A2nyVogu7',0),(614,'Paula','Castilla','moranlidia@gmail.com','!1o!3BHw&*',0),(615,'Susana','Urea','rodenassamu@gomez-arenas.net','c^1Pjalg@t',1),(616,'Norberto','Garriga','bpascual@gmail.com','$65SchW@#&',1),(617,'Cecilio','Lozano','fabricio22@bellido-barcelo.org','k#5UKoi7M+',1),(618,'Mar','Haro','ramiro40@morante.es','mH(7xxMkg_',1),(619,'Elisa','Santana','isachico@hotmail.com','M!+QW9Iq6O',0),(620,'Benjamn','Quero','angelmodesto@gmail.com','ekAVEmX^(9',0),(621,'Jimena','Ferrndiz','mestevez@luna-nevado.com','RkxYWkka$0',1),(622,'Severiano','Contreras','lladojose-luis@puig.org','y42qLAHh_9',1),(623,'Amalia','Mendoza','veronicaescobar@hotmail.com','^j7*IwUt7F',1),(624,'Juliana','Salcedo','morena13@yahoo.com','@ko5oFmP^2',1),(625,'Guiomar','Moraleda','qluna@yahoo.com','%0%mHGol9Y',0),(626,'Mara Del Carmen','Madrigal','velascoabilio@paniagua.com','!IIgTiOY9%',1),(627,'Benigna','Carreras','galianooctavia@yahoo.com','RgDjFVLU)8',1),(628,'Herberto','Torrent','amparofrancisco@hurtado-espejo.com','5Z*2LjhgOC',1),(629,'Pili','Prat','laraquintana@aguilera.net','DD8fhNkz%X',0),(630,'Po','Hierro','cintia45@vigil.org','2+5Wk3Gg5l',0),(631,'Toni','Cabaas','rubiolorena@narvaez.es','$8gq^RzX_N',0),(632,'Melania','Belda','amparoochoa@montesinos-espana.es','_62iBDDmsW',1),(633,'Anselma','Gutirrez','guerreroruben@baez.es','w$vGgI1m^7',0),(634,'Bernardo','Agullo','reysandalio@gmail.com','5f5uLWJa!_',1),(635,'Erasmo','Ibarra','planasalvador@segarra-barco.es','4CMWT4NxF!',1),(636,'Juan Antonio','Patio','perlacorral@hotmail.com','*bFxpw6bU7',1),(637,'Borja','Mgica','ebanos@vidal.es','bhP5JuOa^g',0),(638,'Lupe','Segovia','edelmiraalmeida@grande.es','5QGQfUt7!!',0),(639,'Ofelia','Roldn','jcarbajo@amoros-romeu.com','f#kDASPn(2',0),(640,'Antonio','Pags','alcidesquiros@salamanca-cerdan.com','%^#JAwtXc1',0),(641,'Miguela','Corbacho','llaguna@rojas-colomer.com','Ea9F9WaP_8',1),(642,'Silvio','Bolaos','romulo42@yahoo.com','m43fMP#k(k',0),(643,'Morena','Tllez','luis03@hotmail.com','%1r!vCgW)M',0),(644,'Pascuala','Herrero','filomena64@luz-cordoba.es','tF)3DIGg5*',0),(645,'Marcela','Abad','yfernandez@barbero-exposito.net','8_HgHXD2do',1),(646,'Agustina','Briones','felipe38@gmail.com','rV_U4FkDlv',0),(647,'Emilia','Vara','samu02@sabater-pacheco.com','!QUVJBkD@3',0),(648,'Cintia','Pia','ochoazaira@gmail.com','#9G@QCtK3K',1),(649,'Aroa','Alcolea','vanesa82@gmail.com','&61MO!jUHZ',0),(650,'Juan Carlos','Carrillo','fortunata37@hotmail.com','XB@8Ykwd%(',1),(651,'Mara Dolores','Reyes','abel62@vicens-castrillo.es','5&997HHg#2',1),(652,'Mara Teresa','Llamas','montalbanencarnacion@gmail.com',')T1+X@gI2m',1),(653,'Augusto','Marin','lpalomares@amores.com','O3VJA2s)!k',1),(654,'Salud','Puga','escalonaadela@machado-vina.net','^Al9TZIbL5',0),(655,'Joaquina','Segovia','ceciliocasas@amores.es','@0IaUIgyNa',0),(656,'Roxana','Pellicer','arizaeusebia@contreras.es','AI0eGvzw^T',0),(657,'Jose Francisco','Villalobos','americo61@yahoo.com','%B4QrPf0D1',1),(658,'Lupita','Antn','heliodoro06@hotmail.com','qfp#2aCsy$',0),(659,'Eliana','Dvila','barcenaprimitivo@bernad-uribe.net','%^4JaRBv3C',1),(660,'Natalia','Bosch','xponce@yahoo.com','#bPtf#gj17',0),(661,'Balduino','Chacn','esmeraldapujol@hotmail.com','Ub)v94Bw^_',1),(662,'Esteban','Abad','laura79@yahoo.com','&#6^S8AzRU',1),(663,'Francisco','Hoyos','teofilo92@contreras.es','t3gAlWDr+8',0),(664,'Emilio','Fajardo','eloy82@toledo-ortuno.es','ft4!DK^y9_',1),(665,'Reynaldo','Velzquez','visitacion13@gmail.com','#GNevGkf2Q',0),(666,'Jos Mara','Nio','dsalamanca@hotmail.com','83gJY0kR^q',0),(667,'Vernica','Saldaa','mecheverria@medina.net','!7CNjWwo98',1),(668,'Artemio','Saura','herviaglauco@diez.es','+i8@G@!wYS',0),(669,'Alfonso','Lujn','moranalma@morata.es','O&5Pldq*pw',0),(670,'Leonor','Clemente','crosello@hervia.com','s^2X5AjI(b',0),(671,'Cirino','Batlle','ortegaale@gmail.com','v*2EDmwoIa',0),(672,'Ruth','Montaa','arceliaescamilla@teruel.com','n6y4RF7J($',0),(673,'Baldomero','Santamara','isabela98@bernad.es','96^0pUPk6U',1),(674,'Aura','Rodriguez','sebastianinigo@yahoo.com','@Z8fFEwMeB',0),(675,'Concha','Artigas','jcatala@gmail.com','FT#F1QAn6q',0),(676,'Daniela','Moreno','herbertotena@gmail.com','GMH(tJhg&3',1),(677,'Gerardo','Luna','qalcalde@hotmail.com','OK1yQwXt%R',0),(678,'Arnzazu','Cuadrado','blanesaroa@salcedo-maza.net','%rlVDnJ6j4',1),(679,'Diego','Luna','joel88@nicolau.com','!h1F2pj2K%',0),(680,'Javier','Mateu','aibanez@soler-marcos.es','1g+SWwly$m',1),(681,'Loida','Sarabia','consuelo04@yahoo.com','#4H7aDc&)S',1),(682,'Tiburcio','Pintor','tmontenegro@exposito.net','6sB_1WhyPm',0),(683,'Alma','Tolosa','cgomez@yahoo.com','Pm%3oKrX88',0),(684,'Nacio','Calderon','cozarmarisol@ribes.es','(1TydX$#7b',1),(685,'Anglica','Mendoza','etelvina83@cuervo-villaverde.es','5X+XL5UeUs',0),(686,'Silvio','Carnero','maxiibanez@cordoba.org','uOKDTuHE%7',0),(687,'Elisa','Prat','prudenciopavon@yahoo.com','UoIJktCz*8',0),(688,'Primitiva','Moles','dcarrera@gmail.com','*rq$2HAm8N',0),(689,'Sergio','Carb','villegaschuy@prat-peiro.es','_5FcmgkF#u',1),(690,'Alba','Antnez','conesasegismundo@gmail.com','^3JstQg7ls',0),(691,'Heraclio','Gargallo','albertobravo@segura-real.com','NiC(3TBguM',0),(692,'Silvia','Gordillo','pulidoileana@amoros.com','+0ZVuZyU#o',0),(693,'Nicolasa','Ruano','ainoaaznar@borrego.com','@z7TYuNkmA',1),(694,'Filomena','Martn','pprado@gmail.com','B4%D)2YnYD',1),(695,'Obdulia','Ferrera','tejadaisaac@lobo.net','D073PFEg!_',1),(696,'Tatiana','Acua','fonteduardo@sarmiento-vizcaino.org',')b^A8_Lfxx',1),(697,'Celia','Surez','jacobo67@yahoo.com','FfidZv2l)3',0),(698,'Maxi','Juan','carmina72@gmail.com','Pr8Eo2#W(8',0),(699,'Candelaria','Garcs','colomercelestino@gmail.com','@25Zj2LiZ*',0),(700,'Zoraida','Pedrosa','gil52@hotmail.com','NcA(4fLp2%',1),(701,'Celso','Cantn','marianapla@hotmail.com','fH@j8Nhy#$',1),(702,'Remigio','Mrmol','luciana74@salamanca-nogues.com','4$5)9BdJ4O',1),(703,'Ernesto','Morillo','rosa-maria35@sole-exposito.com','_a_4xPoYFn',1),(704,'Piedad','Senz','efrainamo@yahoo.com','+U5nYIbm@l',1),(705,'Joan','Perera','abellasabina@cardenas.org','L(1Z6%z0tg',1),(706,'Paca','Aparicio','olivamarciano@carbajo-caceres.es','&mVIAnox82',1),(707,'Luciana','Busquets','ipalomares@nadal.es','(l5G)or#2E',1),(708,'Perla','Salvador','ainoa99@vicente.com','$gFgGfoXP0',0),(709,'Duilio','Montserrat','arsenioguillen@gmail.com','#12*0F6tk2',1),(710,'Viviana','Arteaga','ildefonso76@hotmail.com','2_vo6OnW$&',1),(711,'Leoncio','Saez','valderramamiguel-angel@hotmail.com','TS+O4FqBYH',0),(712,'Mara Teresa','Flores','ricartdionisia@hotmail.com','pH37Iqxk6*',1),(713,'Zoraida','Castell','juan-bautista34@redondo.com','U2vLOo+p^l',0),(714,'Cecilio','Aguirre','davilaanacleto@yahoo.com','Pn9JAJpm&1',0),(715,'Jennifer','Fernandez','georginalozano@gmail.com','&xJ40a8V94',0),(716,'Casandra','Novoa','agudoguiomar@yahoo.com','Rbr4hAcwG$',1),(717,'Pablo','Raya','hmacias@yahoo.com','o8QGRp2o*d',1),(718,'Toms','Fernandez','yagocasas@escobar-castell.es',')c0*MfV3h#',1),(719,'Alfredo','Sotelo','zcespedes@fuertes.es','B@e0GgCf$k',1),(720,'Paulina','Mur','xserrano@trillo-benavent.es','&1&GuXTcsq',1),(721,'Nazaret','Miranda','luis85@gmail.com','DXD2PNpB!9',0),(722,'Bartolom','Blasco','emafeijoo@gmail.com','w_!mT4M(Td',0),(723,'Jovita','Tello','riquelmeotilia@hoz.es','^4D0Ag4JHH',0),(724,'Mayte','Carreo','rroig@hotmail.com','!udQvJVTS2',0),(725,'Lisandro','Valenciano','csebastian@mendez-tenorio.net','W+L5M#^x8a',1),(726,'Consuela','Tejero','lgarriga@gmail.com','14a6DDzr!K',0),(727,'Rosala','Collado','blas68@gmail.com','!3R$&QQWya',1),(728,'Fidela','Arrieta','iglesiasnicodemo@yahoo.com','Iv@7r*Cf%0',0),(729,'Dbora','Pinedo','escribanocandelario@gmail.com','42hQLMBi&v',0),(730,'Alberto','Ferrn','cruzmolina@agustin-hernandez.net','Cs438V&d$+',0),(731,'Vicente','Pizarro','belmontenoemi@yahoo.com','@#r3UGf1Iv',0),(732,'Teodosio','Perez','silvestreperea@hotmail.com','Td8MR#bO6+',1),(733,'Andrea','Gimnez','benignacastells@montesinos-portillo.com','*rlUtAz308',0),(734,'Teobaldo','Landa','marquezleocadia@calleja.net','(3MEXNxmr2',1),(735,'Marina','Gascn','cecilia90@gmail.com',')QIAam3vp2',0),(736,'Dan','Bayn','mpi@yahoo.com','d7sVSh9L%1',1),(737,'Ricardo','Oller','vidaljose-manuel@gmail.com','%_3*UbygG@',0),(738,'Carmelita','Bauz','cruzpareja@yahoo.com','%B1oY4tgqP',1),(739,'Onofre','Gmez','bastidatatiana@hotmail.com','EHq_b8sA(!',0),(740,'Calista','Barros','josep07@gmail.com','&7wGn2%6)+',1),(741,'Adriana','Baena','baenajessica@zorrilla.es','L&n3Pny(wG',0),(742,'Maricruz','Enrquez','verdejocosme@capdevila-bonilla.com','_CVfP4SirQ',0),(743,'Perla','Chamorro','zescamilla@hotmail.com','f6e)1Qtq^W',0),(744,'Mara Pilar','Segura','danilopardo@aguilo.com',')9BvWkmL(1',1),(745,'Epifanio','Montenegro','raquelcervera@canton.com','2x)MrZ)x(2',1),(746,'Dafne','Len','arroyolucila@gmail.com','46VGlZuf$V',1),(747,'Antonio','Navarro','evita71@solano.com','@0QRPD+z&r',1),(748,'Jacinta','Font','udavila@cal.es','U3MYgWuw+0',1),(749,'Moreno','\nBorrell','barrosmaribel@pina-borrell.com','(*X8J*UfeT',1),(750,'Eugenio','Gallardo','blancaainoa@villanueva.net','mtOzA3l^^0',0),(751,'Fortunata','Losa','jovita16@gmail.com','*5)3jZa#E!',0),(752,'Pepito','Barrera','marc93@sales.org','1tYX^e^l+1',1),(753,'Apolonia','Poza','csilva@uriarte.com','sivEs5z8$4',1),(754,'Albina','Exposito','camo@rocamora-rey.com','*@7RFEVaf0',1),(755,'Marino','Marcos','rcorominas@gmail.com','d@5V0B^p@&',0),(756,'Natalio','Sim','fabriciogallego@hotmail.com',')1vgcED02f',1),(757,'Edgardo','Bueno','valenciapaula@yahoo.com','(KRDWSpzz7',1),(758,'Maristela','Milla','ocabo@zaragoza.org','@$)p8Uxfs%',1),(759,'Marina','Diaz','garcesamanda@yahoo.com','aF7SfG&RU!',1),(760,'Dorotea','Mayol','juan-manueltorre@gmail.com','M^6sMDew^5',1),(761,'Mario','Canet','lbarral@manzanares.com','wh@RO2Nc59',0),(762,'Martin','Herrera','manzanoyaiza@sanmartin.com','Vf!y8YttYQ',1),(763,'Francisco Jose','Ortega','jmontenegro@hotmail.com','1L#IpPsQ+Q',0),(764,'Merche','Cardona','simon36@plaza.com','mygthNwx+3',0),(765,'Mara Dolores','Diguez','mendozaadelardo@bosch.com','7XFdejX1&3',0),(766,'Alma','Molina','beldadonato@yahoo.com','VWmQ6is4&1',1),(767,'Marcos','Ferrn','ricarda98@yahoo.com','Z^@l4&S#^i',0),(768,'Mirta','Mur','qgomila@juan-andrade.es','!k9dgSj(Qz',0),(769,'Mximo','Carro','cardenascarla@yahoo.com','&3X_ET7d&i',1),(770,'Vinicio','Morillo','renato97@soriano.es','!2CGPZFj$J',1),(771,'Roberta','Escriv','calagapito@yahoo.com','jt@9zRtN2(',0),(772,'Olalla','Oliveras','georginacanton@iniguez-vidal.com','9I6RK5lx%i',0),(773,'Nydia','Nicolau','mancebocornelio@duque-garay.es','#E9Q@6Mu%#',0),(774,'Olivia','Luna','alberdicarlota@valero.net','L7lV677i(L',0),(775,'Soraya','Palomar','palmirapereira@canete.com','7i8@U*xbp^',0),(776,'Leandra','Blanco','luzmosquera@gmail.com','V6%Zd7hX^6',0),(777,'Socorro','Nogus','martincanet@canton.com','*zEi7KSp4T',0),(778,'Corona','Castro','rbarrio@crespi.org','U^F#D9NasJ',0),(779,'Obdulia','Amors','clarisa84@hotmail.com','6$D6oV^iB)',0),(780,'Pablo','Roda','jose-carlosposada@gmail.com','(qKo71RdN0',1),(781,'Juanita','Sebastin','vegafelicia@silva.net','mk5CTVoz+m',1),(782,'David','Alcal','penacarlos@gmail.com','ENVflHgJ+4',0),(783,'Salud','Checa','guiomar85@hotmail.com','x2n8vFnl#@',0),(784,'Vito','Muoz','tllopis@barral.es','7^JS1qJg%z',0),(785,'Maximiliano','Arnau','petrona62@jimenez-palmer.es','43yIyaYf#8',0),(786,'Paco','Berrocal','serafina02@yahoo.com','A$U36dPgDW',0),(787,'Miriam','Cal','rpuerta@gilabert-patino.es','d9tMbFrs^d',0),(788,'Adn','Caizares','chus16@hotmail.com','X^9To3QrL@',0),(789,'Len','Sanjuan','alfonsoperales@nogues-ayllon.com','%uwk6SRpZ0',0),(790,'Brunilda','Alberto','guzmanbaltasar@yahoo.com',')6XUBiNocn',0),(791,'Jacinta','Ortega','eulalia14@noriega.es','%mVIs*m566',1),(792,'Roque','Carro','jose-luismarmol@yahoo.com','+7XKaX8yg9',1),(793,'Amelia','Font','tpalacios@yahoo.com','(IZmBy!Y0S',1),(794,'Fabricio','Jordn','noemi41@hotmail.com','!m+UfQBz*5',1),(795,'Primitivo','Ramis','antonio92@arjona.es','&1LLGVltNm',1),(796,'Mara ngeles','Vives','abellanflorencia@montalban.org','#SCcnc4l(6',0),(797,'Marcia','Porcel','consuelo51@castro.com','GM2NWeL6(K',0),(798,'Eliseo','Boada','jesusagudo@yahoo.com','*iL)7BRn*I',0),(799,'Feliciano','Farr','mariamari@yahoo.com','&IuX#Mwq)1',1),(800,'Claudia','Machado','oanaya@hotmail.com','Dd2AwKRn*&',0),(801,'Silvia','Aguilar','juliatejero@yahoo.com','O6NrGWaf&S',0),(802,'Carmelita','Garzn','morena33@gmail.com','(bTM@JZj2P',1),(803,'Luisa','Camacho','aramirez@cuenca.com','8x&YDJ3u+A',0),(804,'Juan Jos','Menendez','ildefonso42@baena.es','3V*N8L0e#3',0),(805,'Jordi','Adadia','orianabautista@baquero-pereira.net','!MDArN8lv0',0),(806,'dgar','Castro','ceferinosanjuan@torrijos.es','GX!Eak5Z@6',1),(807,'Rosalva','Saura','ramonedelmira@hotmail.com','o$!K7E3bCx',1),(808,'Florentino','Castrillo','rtrujillo@rios-abella.com','jxbO2fbt$8',1),(809,'Adalberto','Jerez','corralgaspar@fuente.es',')m!v6LEs!y',1),(810,'Amado','Domingo','jmontserrat@cespedes.org','kw3fHGuww+',1),(811,'Catalina','Ortiz','casemirobustamante@lucas-pont.es','4lLbLxo^^Z',1),(812,'Mara ngeles','Ura','dafne75@cantero.net','rHJmXRjx^1',1),(813,'Carmen','Piol','juan-antonioaguado@domingo.org','(1DmD#!AkU',1),(814,'Alonso','Solsona','ocortes@yahoo.com','DXh6COyC!3',0),(815,'Aurelia','Sans','sebastianreguera@ortega-verdejo.es','#9hg0mLWkV',0),(816,'Ernesto','Crespi','munizhugo@sastre.es','*!@_49fbNO',1),(817,'Maribel','Pozuelo','wverdejo@hotmail.com','fV4mUlgob$',0),(818,'Jenaro','Ro','pardoadalberto@barragan.com','dAYer6Uu!0',1),(819,'Abilio','Arco','pjuan@marquez.com','G)L2hfNnt+',0),(820,'Clarisa','Fiol','marmolimelda@yahoo.com','a!7HNGdjr^',0),(821,'Blas','Sierra','adelardolorenzo@yahoo.com','#0LtsfXsL_',0),(822,'Fidel','Franco','roldanartemio@hotmail.com','@7#7XMfc&k',1),(823,'Adelardo','Larrea','waltervalero@gmail.com','3xk6MCLt&u',0),(824,'Julio','Vera','victorino65@alvaro.com','&U3lWWcV(u',1),(825,'Manuela','Mndez','agustin46@gmail.com','SoEV1Pb_*#',1),(826,'Mara Jos','Machado','lucasmiriam@gmail.com','bt0MCEwtf$',0),(827,'Marita','Moll','veronicatorrent@gmail.com','c3&Xoy6(!s',0),(828,'Silvestre','Carvajal','trujillojuan-francisco@yahoo.com',')g9qCnyj*t',1),(829,'Fabiola','Salas','cabanillasluis@ripoll-salcedo.com','+LT3van&w9',1),(830,'Antonio','Romeu','cintia88@nadal-franch.com','&N0DyvoA0(',0),(831,'Olivia','Calvo','gastonexposito@cobo.es','+7n6#Eo_Vt',1),(832,'Amanda','Larrea','gneira@yahoo.com','@0J*ySrBlZ',1),(833,'Jenny','Rocha','ltalavera@garcia.es','+_$oAdh687',1),(834,'Gabino','Poza','selena70@gmail.com','x9u4mGiu@#',1),(835,'Amanda','Llobet','rcaro@marcos.com','5wAoPHEq+5',0),(836,'Amparo','Antnez','solecelestina@hotmail.com','f88^VXhP(1',1),(837,'Herminio','Carbonell','cmur@arteaga.com','P7TS8XwE^e',1),(838,'Rosalva','Clavero','xllano@yahoo.com','@J1PrXXz1!',1),(839,'Brunilda','Clemente','domingosaavedra@alberto.com','A#97WJdtIh',0),(840,'Mara Jess','Sols','gordillomartina@gmail.com','*@6Gf^fRU+',1),(841,'Lara','Morn','prudenciaponce@yahoo.com','99lXtb!O(#',0),(842,'Isa','Salazar','contreraslina@yahoo.com','l6%tYEQE&k',1),(843,'Cintia','Calderon','gsaura@aranda.com','up3YvQ+$+b',1),(844,'Rufina','Calvo','pia17@hotmail.com','Bzi5!oT@B!',0),(845,'Jos Mara','Perez','lbarrena@gmail.com','_GS&Atz5X6',1),(846,'Trinidad','Blasco','collregina@marmol-carrion.org','3%%Gs)KA@_',1),(847,'Albano','Bermejo','tneira@adan.org','Xw3nGIro)Z',0),(848,'Onofre','Fonseca','claudiaarteaga@benavente-rosa.com','!q9KEky((5',0),(849,'Hugo','Snchez','jennifer02@hotmail.com','%(HoXTovw6',0),(850,'Adolfo','Elas','torrecillablanca@egea-jove.com','#+2PhI6SrF',1),(851,'Leticia','Vega','faguilo@gmail.com','FyD8LYXug+',1),(852,'Heraclio','Miz','evaristo48@ramon.com','ZUu4)BjRO_',0),(853,'Hernando','Gimnez','ljorda@prats-pascual.es','&D4!qRjlK@',0),(854,'Custodia','Rebollo','xjodar@guerra.com','o@7vOn%NbE',0),(855,'Celia','Alfonso','gallardomarcela@prada.net','A8cHLwRj$8',1),(856,'Alma','Monreal','roberto76@tello.com','9!7H)^CE0u',0),(857,'Enrique','Miranda','jonatanromero@calzada-mercader.com','WG22!Pnd$^',1),(858,'Silvio','Torrecilla','carrioncelestino@jara.es','zS90VBk*+s',0),(859,'Vanesa','Aguil','estefaniabelda@nunez.com','g2ad+@N#&w',1),(860,'Cecilia','Espinosa','fharo@uria.org','^C9FfBj_r(',0),(861,'Sosimo','Aguado','pcastilla@gmail.com','!vJnrjnS6t',1),(862,'Tamara','Bueno','celsoramon@yahoo.com','w0u^WfjP&g',1),(863,'Consuela','Barber','villanuevaeulalia@diego.org','0g#fVZcx&V',0),(864,'Elvira','Planas','xalmazan@tirado.com','^ZXKbJFQx9',0),(865,'Nazaret','Jover','aranainmaculada@salas.net','@n6iV*Sta1',1),(866,'Marcelo','Codina','pvilalta@giralt-millan.es','446ZUUTk)6',1),(867,'Ale','Agustn','nuria23@gmail.com','$nRkJwYqJ3',0),(868,'Hortensia','Hoyos','rflores@pujol.com','*6Ko98TD^p',0),(869,'Cecilia','Alsina','griseldacarrasco@gmail.com','DpLqsttr!6',0),(870,'Eduardo','Ario','urenanydia@gmail.com','k1!5Gx$Bxq',0),(871,'Paz','Bar','maricruzrecio@hotmail.com','J@OsyO8^%9',1),(872,'Ligia','Larrea','amas@camps.com','mdC@Y1TkA4',0),(873,'Buenaventura','Ibarra','galopozuelo@cornejo.es','#*AVD8xRe1',0),(874,'Esperanza','Sainz','jimenaolive@gmail.com','%GY1Iz4AqS',1),(875,'Sonia','Dez','bhuguet@gmail.com','WrPivfyB*5',0),(876,'Cecilia','Talavera','candido49@yahoo.com','@2HjJZuTsF',1),(877,'Leyre','Tormo','cloe24@bru.es','0g&mv1Dbr)',1),(878,'Marcos','Lastra','iaguilo@gmail.com','(PHoHK3w43',0),(879,'Nico','Bermejo','rodolfo50@velasco.com','_3%iZNzmju',1),(880,'Liliana','Salv','hildasantamaria@hotmail.com',')2AsSNe%3V',1),(881,'Hernn','Senz','lourdes07@hotmail.com','x6H#18K9+J',0),(882,'Hernando','Alberdi','edgardo42@mendez.org','4@zLq6*Y+1',1),(883,'Maximiano','Gargallo','kcantero@plana-aranda.es','*gU@)c&jl2',1),(884,'Renato','Carbajo','evangelina25@yahoo.com','4N3$UHoGd$',0),(885,'Amada','Barreda','varcos@hotmail.com','W*X59JkPJ$',0),(886,'Modesta','Marti','arnalmoreno@casas.com','m&Sv3sT2Kq',0),(887,'Isaas','Esparza','tapiaadela@gmail.com','GQ4Ulk!Y_7',0),(888,'Arcelia','Aragons','calmansa@hotmail.com','q8_&8ZIbx!',0),(889,'Natividad','Acedo','galo81@sierra-pena.es','+eQMIHwv&0',0),(890,'Roldn','Lluch','mizquierdo@alsina.com','aq2eOJ39e(',0),(891,'Manola','Esteve','pratsluisa@casas-rivero.com','L14!eHSa^6',0),(892,'Susanita','Sastre','jaumejose-luis@hotmail.com','!#4Vz)NJM2',0),(893,'Magdalena','Guzman','ulisesbas@yahoo.com','3@+4lIphzR',1),(894,'Jennifer','Baos','conrado62@montero-peral.com','x@8$gY%l)5',1),(895,'Maricela','Vilanova','roxanagutierrez@yahoo.com','Vn5HQbAyW+',0),(896,'Armando','Casanovas','primitivo85@mayoral.org','_I)86aMmlm',0),(897,'Nstor','Olivera','primitivo31@sanmartin.com','&Hw^H0TkK0',0),(898,'Hector','Martorell','ismaeljara@ocana.org','$DPX*f%kM7',0),(899,'Florencio','Pia','brunildacepeda@canals.org','!CRE(njh7J',0),(900,'Mara Teresa','Daz','elias68@yahoo.com','Cme+%4McvT',1),(901,'Emma','Pera','ivan49@barrio-pinto.es','!KOf92Hb@X',1),(902,'Susana','Sez','olosa@corominas.es','((T6FZq+ct',0),(903,'Emilio','Ruiz','aceroconcha@gmail.com','c#9DeXR3^v',0),(904,'Fabio','Pujol','checaeduardo@salmeron.com','z@7x@Hs(nf',0),(905,'frica','Guillen','solsonadavid@yahoo.com','(w3F+MKf2t',0),(906,'Lara','Amat','anacletopenalver@lasa.com',')@x2UWoDuq',0),(907,'Nazaret','Rocamora','taliaga@hotmail.com','U96QP@rvI_',0),(908,'Eusebia','Oliv','reyesvillalba@gmail.com','+TA@Ft)vE2',0),(909,'Elisabet','Dez','caridadmoreno@vidal.org','7MRNlGFt*6',1),(910,'Abraham','Iborra','maribel90@hotmail.com','5KC%1JQrCL',0),(911,'Fidela','Pags','panchollorens@gmail.com','(iIY+n6+98',0),(912,'Jordana','Rosell','qsaenz@hotmail.com','%x6V8T5Am&',0),(913,'Almudena','Gabaldn','marcelaarnal@mur.es','F2_3^NzpMc',1),(914,'Chita','Cervera','vilaplanaeugenio@gmail.com','!59rO(&Szn',1),(915,'Lara','Boada','yolandalago@gmail.com','REG%Z1Ga+7',0),(916,'Lucio','Cerd','aamores@gmail.com','Arta57Cn_u',1),(917,'Manolo','Aragons','botellagertrudis@barranco.es','$GcaPUtyN2',0),(918,'Ruth','Parra','qsandoval@villaverde.es','#kg02VDq)^',0),(919,'Juanita','Gutierrez','mireia09@hotmail.com','oi$7sXtH^1',0),(920,'Toms','Arnal','ana-belengarriga@paz.es','*6A(N@+%ss',1),(921,'Nlida','Guzman','mercedesbru@yahoo.com','0^4BN7Qt+x',1),(922,'Loreto','Gallart','pepitoguerra@yahoo.com',')fEU(OzoB6',1),(923,'Mara Jos','Alcntara','zcanton@hotmail.com','_y0Bwg_Kzn',1),(924,'Vencesls','Pedro','aristides83@yahoo.com','*5Mh8iRO%q',1),(925,'Graciana','Blzquez','izquierdopriscila@simo.com','$%ANr%W0n2',0),(926,'Gustavo','Planas','antoniorivas@hotmail.com','W86MTwzL&_',1),(927,'Rico','Guerra','irene97@correa.es','2dVMQ*Y3D!',1),(928,'Jose Angel','Poza','obduliapavon@gmail.com','5$Nf9#Klz*',0),(929,'Samu','Cal','herminiocarbonell@hotmail.com','v6t+BK2#&0',0),(930,'Too','Julin','diniesta@guitart.com','8EC5YfCC)#',1),(931,'Lorenza','Manso','cletomadrid@aller-pastor.com','&l5Em+ka#5',1),(932,'Vilma','Villaverde','jose-manuel49@yahoo.com','f!0*RUzlc%',1),(933,'Regina','Valentn','raimundo42@yahoo.com','x6Ojm^S+@r',1),(934,'Jenny','Adadia','evelia61@peralta.es','_e33Me7^^D',0),(935,'Cayetano','Contreras','benitocueto@gmail.com','@7QJRFbBU^',1),(936,'Paulina','Villegas','rosenda15@gmail.com','Vv%5NEdco(',0),(937,'Joaqun','Caparrs','florencia18@yahoo.com','c+%W2UxlBP',0),(938,'Felisa','Espejo','felixcardenas@mugica-guijarro.com','^lc7CaX2+g',1),(939,'Jacobo','Vazquez','reinaldo87@lasa.com',')(GM&bZYT3',1),(940,'Mara Dolores','Borja','coellonarcisa@yahoo.com','Y15eW7ki_u',0),(941,'Ariadna','Lobato','danielasarabia@hotmail.com','P!PA7TkqM_',1),(942,'Maura','Ibez','samuel70@rivero.net','r97DLJ8pu*',0),(943,'Edgardo','Cabello','narcisa03@salmeron.es',')8NW#mufpy',0),(944,'Primitiva','Vilalta','valerooctavia@hotmail.com','vRjkgFm_!3',1),(945,'Abigal','Rozas','maricruzecheverria@yahoo.com','HjWnWx$l)2',1),(946,'Zoraida','Muro','calzadaguiomar@pereira.org','%iG^4Lb$R0',1),(947,'Silvio','Zabala','ciriaco09@gmail.com','(p_v9Buy#9',1),(948,'Asdrubal','Bellido','xvila@yahoo.com','NCO+8AneX(',1),(949,'Borja','Antnez','florentinoterron@morillo.com','@O7eJXpORc',0),(950,'Ruperto','Vall','sobrinoazahar@hotmail.com','Nx3FV3qb@5',0),(951,'Bernab','Durn','florentinaconesa@hotmail.com','cw4Tl9qqg)',0),(952,'Cirino','Pedrosa','solsonamaribel@lastra-gamez.es','+g(8qKLe6Z',1),(953,'Raquel','Moliner','ccruz@ruano.es','^Sa)YkMAn9',0),(954,'Graciela','Checa','ismaelreguera@mateo-manzano.es','Dl^7CGDmU&',1),(955,'Cornelio','Noguera','galanisaias@hotmail.com','Q6R_HfYN@7',1),(956,'Bruno','Gonzalez','martina14@castrillo.net','!0EB7BoqXr',1),(957,'Rico','Palomar','cloe33@hotmail.com','j3pIyNO4%N',0),(958,'David','Ferrn','sedanorosaura@yahoo.com','7c0QpW!m!u',1),(959,'Luisina','Hoyos','alejoros@pinedo.com',')0JTH2we94',0),(960,'Esmeralda','Fiol','lparejo@gmail.com','8#LEbUwi%8',1),(961,'Beatriz','Tejedor','tiburciovalderrama@llano.com','rw!v6H3uRX',0),(962,'Demetrio','Barral','alepuga@gmail.com','Cp09lPj*U!',0),(963,'Delfina','Pablo','irene99@bayo.com','m*Q3XCkGn$',1),(964,'Amalia','Bosch','augustoflor@yahoo.com','&9ESMZrcz5',1),(965,'Griselda','Espaol','aroatoledo@yahoo.com','li1&7Ft%*4',1),(966,'Fermn','Cuesta','jose-manuel60@pintor.org','xE7HFkQN(i',0),(967,'Joel','Mate','salcedosilvia@hotmail.com','!7COoBgxRW',1),(968,'Maristela','Clemente','mamenmontes@abellan-manso.es','_)7ClFlZ$!',1),(969,'Juan Francisco','Manjn','bblanes@yahoo.com','^NAqtM2O@7',1),(970,'Ruperto','Almeida','rodolfo16@adadia.net','_hBDureoD9',1),(971,'Maristela','Lago','valencianochus@yahoo.com','6!LrLdA3&V',1),(972,'Luisa','Cabezas','millanlucila@yahoo.com','HKY)7tKcWk',0),(973,'Adn','Camino','fidela40@nunez-diez.com','+zlINIbxJ8',0),(974,'Amaro','Ordez','amoresclemente@hotmail.com','&7leA_Db(u',0),(975,'Custodia','Alsina','infantemaricruz@gmail.com','+g0x4jUp8G',0),(976,'Almudena','Uribe','pujadasgloria@ramirez.es',')nX&+5hj^5',0),(977,'Jafet','Escobar','ycerezo@avila.org','4CG3Qmxa(I',0),(978,'Miguel ngel','Cadenas','dorita87@amaya.es','@KP#5mMn2#',0),(979,'Martin','Casanova','rita32@bilbao.com','i!R9kfMlkA',1),(980,'Florencio','Peinado','jimena16@minguez.com',')7n1nR)gkF',1),(981,'Godofredo','Barba','galloricardo@gmail.com','P7zBusIn^9',0),(982,'Paulino','Olmedo','reciootilia@yahoo.com','(UQhzan!97',0),(983,'Geraldo','Riquelme','caboeligia@sainz.es','(T5rTNwsG8',0),(984,'igo','Carmona','claverochus@bernad-balaguer.net','ezYZF+td(2',0),(985,'Alberto','Arregui','hbuendia@criado.es','X$5Ba9ssuo',0),(986,'Amalia','Alemany','julio31@yahoo.com','%&3U5EnnpX',1),(987,'Carmen','Solera','ellado@hotmail.com','*xt1VT3s0M',1),(988,'Goyo','Valls','victor-manuelmosquera@hotmail.com','2^5Rx9Yb$@',1),(989,'Jose Luis','Izaguirre','machadomanuela@perera.com','^6FzWYxqWq',0),(990,'Brbara','Bentez','maria-del-carmensuarez@gelabert.com','YZ9Co)Bz)b',0),(991,'Estrella','Camino','nmaldonado@jimenez-alvarez.net','#oCiPRw2#0',1),(992,'Arturo','Pastor','jodarileana@donoso-rubio.org','_4GDxQQoJf',0),(993,'Armando','Montoya','ilanda@yahoo.com','x$r6$5ItWr',1),(994,'Mara Pilar','Uriarte','wcalleja@yahoo.com','kwR1Ph1g*P',1),(995,'Leonardo','Morcillo','fgutierrez@pina.net','xe1#9VPm6d',0),(996,'Serafina','Barral','maricela28@gmail.com','n989W93vO@',1),(997,'Loreto','Palmer','valcarceljavi@hotmail.com','HEZQ4Kxg(a',1),(998,'Xiomara','Morata','yquintanilla@riquelme.com','JR4TLo!e(B',1),(999,'Fanny','Llano','hector31@ochoa.net',')9aDteyo!6',1),(1000,'Jovita','Ariza','tudelajacinto@baeza-pablo.es',')89Klqq_A5',1),(1001,'Mariana','Arias','arnaujose-luis@hotmail.com','6)5+6%Xr&g',1),(1002,'Leonel','Cervera','zduenas@valle.net','_$9Cdcu0J*',0),(1003,'Noelia','Larrea','nbernal@trujillo-carro.es','z%7xTujB#C',1),(1004,'Efran','Costa','emilianamoraleda@yahoo.com','+7wqL3Tl)7',1),(1005,'Lucas','Tapia','rafaela42@yahoo.com','1JSEi(wc^m',0),(1006,'Adelina','Criado','valeria55@gonzalez-esparza.es','(79lWaE6jv',1),(1007,'Loreto','Blanch','ribessilvia@hotmail.com','z3NJ_0Ga)&',1),(1008,'Narcisa','Olivera','samuel99@canizares.com','%@2^SYFiM%',1),(1009,'Abril','Carrasco','hnovoa@hotmail.com','4^t2rCqOio',1),(1010,'Luna','Jurez','tomas06@ruiz-moya.net','^2G0yA_cw*',1),(1011,'Jovita','Gascn','zaidaadan@hotmail.com','AN+9PD9hxK',0),(1012,'Victor Manuel','Carro','pazosjudith@hotmail.com','pMtWL92j(7',1),(1013,'Mnica','Pedro','vargascarmelo@gmail.com','$@3k^Fi_Jz',0),(1014,'Rgulo','Roman','pjimenez@morell-soria.es',')h3TL_Lk8v',0),(1015,'Seve','Contreras','casensio@padilla-daza.com','(cKuXI(mg9',0),(1016,'Elosa','Adn','osalcedo@cabeza.es','1od^FsBq_2',0),(1017,'Cecilia','Galvn','fortunatoportero@bauza.net','($GHbPlf82',1),(1018,'Noem','Yuste','martorelleric@iglesias.net','8sGPq)4@*4',0),(1019,'Mara Luisa','Urea','itziar86@romero-toro.com','#86Dcj57#C',0),(1020,'Luisa','Luque','rmarcos@bas-lastra.com','vd9C0)Mfr^',1),(1021,'Jose Manuel','Pol','zpujadas@yahoo.com','+uce5RuX+i',1),(1022,'Guadalupe','Rios','graciaelisabet@yahoo.com','LE3LXutpH%',1),(1023,'Socorro','Ortuo','amarques@gmail.com','5)743mqtNN',0),(1024,'Mara Carmen','Cordero','reynaldo28@poza-villena.es','17Y1VJ(X*f',1),(1025,'Jos ngel','Cordero','estevejessica@hotmail.com','I7bR5e36@4',1),(1026,'Jonatan','Neira','eulalia87@hotmail.com','_62ceHywN5',1),(1027,'Alma','Lujn','ibarrera@sanchez-fiol.es','o%3y4GhCKg',1),(1028,'Juan Pablo','Ruiz','giraltanibal@palacio-villalonga.com','d((e0Or*WG',0),(1029,'Bibiana','Bejarano','jose-angel85@gmail.com','vH6Eotb@*V',0),(1030,'Esperanza','Collado','dguzman@hotmail.com','^5uCE)Yp+!',1),(1031,'Mara Manuela','Cuervo','renato52@frias-rodriguez.es','wSLj#VV()6',1),(1032,'Benito','Palma','infantejordana@villalobos.org','8h)VpJuL^1',1),(1033,'Luis','Salgado','asales@herrera.com','^&IL80Qn&W',1),(1034,'Teobaldo','Borja','calatayudflorencio@jorda-saura.es','!15D9Vkly1',1),(1035,'Dolores','Ferrer','adolfoiniguez@ferran-gibert.es','H1_CnoiF%Z',1),(1036,'Paulina','Rocha','auramosquera@hotmail.com','WT43GZ(cU_',1),(1037,'Herminia','Pastor','ojedajose-antonio@yahoo.com','!9aTDTxdMY',1),(1038,'Ricardo','Solera','ltello@gmail.com','wGYysUm2(9',1),(1039,'Celestino','Coello','rosalva96@barco.es','9*(d9NpqLN',1),(1040,'Teresita','Pomares','juradoporfirio@carpio-giner.net','%VBgARx377',0),(1041,'gueda','Boada','apolonia36@alcala.es','$i1OuMfijB',0),(1042,'Antonio','Chaparro','benjaminsalgado@gmail.com','@sU@Jn5Ta3',0),(1043,'Graciano','Cabrera','kcanton@barroso.com','bFpkI6Wk@P',0),(1044,'Luis ngel','Gual','cletocampos@mata-oller.es','b2VEuieo_O',1),(1045,'Elvira','Valencia','cardonabasilio@yahoo.com','5$6KZrm+*h',0),(1046,'Josefina','Carrasco','uaragones@real.net','_ca6K2Tg)j',0),(1047,'Rico','Gargallo','gelabertelodia@rius.com','&4V*Cm2mdT',1),(1048,'Carmina','Tamarit','isaias81@canales.com','++yfYRiv1Z',0),(1049,'Noelia','Barco','javieraperea@vaquero.es','3(20S4Er$i',0),(1050,'Casemiro','Ro','rcuadrado@hotmail.com','&9j@j)Wm&(',1),(1051,'Bernardo','Alczar','pavonangel@riba.es','_0C#k*)d@h',1),(1052,'Nacio','Calzada','rafa80@yahoo.com','+9ZQzKhC#^',1),(1053,'Jos Antonio','Palacios','alvarezflorina@alemany.es','Z6&5yEntc!',1),(1054,'Adelardo','Serna','colomangelina@yahoo.com','^B7qaFav2f',0),(1055,'Lucas','Juan','lledoileana@perera.com','hOC!Sbqc#0',0),(1056,'Josefa','Espejo','clementinablanes@gmail.com','%i7)XO4d4@',0),(1057,'Juan Luis','Parra','yescamilla@alvarado-montero.com','e9G96%1m@5',1),(1058,'Lorenza','Baquero','chuy86@yahoo.com','H6!49GpcKd',0),(1059,'Fabiola','Armas','tere31@frutos.es','Ga5PSKRjW_',0),(1060,'Adolfo','Jordn','ibanmaldonado@aragon.es','JN+5wA$y*P',1),(1061,'Olga','Cisneros','climaco97@palacios.net','^8L!$tBjMN',0),(1062,'Vidal','Moreno','villalorenzo@yahoo.com','8$FbPJaK&S',0),(1063,'Hctor','Casanova','humberto43@hotmail.com','(zERYkcr4k',1),(1064,'Julia','Carrera','fortunatovalls@gmail.com','*4^XUj3S@8',0),(1065,'Ramona','lamo','tatianasilva@yahoo.com','_lT&9Hoi5%',0),(1066,'Lupita','Castell','jordana45@hierro-revilla.com','*mtjfCoqO1',1),(1067,'Desiderio','Cisneros','amando44@yahoo.com','@S7gEYwiaq',1),(1068,'Augusto','Barba','marcio78@hotmail.com','l96rWNHo#U',1),(1069,'Fernando','Porta','gonzaloespana@yahoo.com','^vB2ZoiHYV',1),(1070,'Mximo','Borja','nunezche@yahoo.com','^3syFbz(XF',0),(1071,'Sofa','Heredia','vicentericart@sanmartin.net','4&tyA#v&(q',1),(1072,'Adora','Cortes','leire38@hotmail.com','cOtLlj0e)6',0),(1073,'Mara','Mena','godofredo22@cepeda.es','*1^tyEFxKP',1),(1074,'Reinaldo','Gimnez','ellano@leon.com','_hq1Va2Si2',1),(1075,'Kike','Ros','npol@calatayud.es','*bkA#HhF43',0),(1076,'Silvio','Campos','planasemigdio@benet.com','Je*3PUwk(9',1),(1077,'Reinaldo','Espinosa','muletnieves@yahoo.com','gOX27JEa$6',1),(1078,'Elvira','Lerma','hildacobo@gomez.es','FI%4MNv#Du',1),(1079,'mbar','Valverde','reyesarce@gmail.com','gXKSuz%B+2',1),(1080,'Lupe','Jord','rodenasariadna@barroso.com','7wjLpMEq*s',1),(1081,'Nicolasa','Zorrilla','salinaslara@gisbert-orozco.com','n(60(QnC(n',0),(1082,'Alberto','Dvila','dalcaraz@vizcaino.es','4L9gO0n+%u',0),(1083,'Merche','Angulo','falcazar@gmail.com','+PE4%Ne+w5',0),(1084,'Paola','Ripoll','rochatadeo@yahoo.com','@vF1zreII7',0),(1085,'Fito','ngel','baqueroascension@hotmail.com',')6%lSK4*ql',1),(1086,'Juan Manuel','Mas','manuela04@gmail.com','!6BEvZ34W7',1),(1087,'Amanda','Olivares','aguedaquevedo@catalan.es','ABLd1HU^^5',1),(1088,'Azucena','Blanch','llorentetrini@gmail.com','guOVqBLH@0',0),(1089,'Ileana','Mateo','amoresdario@hotmail.com','#4ML^Vg)Md',1),(1090,'Vera','Via','yessica92@solsona.es','a33O!wBl^_',1),(1091,'Dan','Villar','afiol@perez.es','%(2UENqat@',1),(1092,'Vasco','Landa','krincon@bello.com','&6QV_P6i1(',1),(1093,'Benjamn','Saura','rferrandiz@gmail.com','f$5uu8ZrIP',1),(1094,'Mara Cristina','Sierra','doloresvilla@otero.com','(^Rv3YgxV9',0),(1095,'Tefila','Pacheco','zugarte@yahoo.com','gBj8F0Pb*Q',1),(1096,'Candela','Lago','anibalhierro@redondo-ibanez.es','4mHvvi*1#f',1),(1097,'Plinio','Bernal','jenny70@gmail.com','4nh5VnuM%l',1),(1098,'Antonia','Batalla','jorge15@gmail.com','#Uz1aKwEc*',0),(1099,'Damin','Escriv','ambarquesada@yahoo.com','!y0dJM4m*g',1),(1100,'Anastasia','Llad','zapataester@pereira.com','QbJZbaY3)7',1),(1101,'Flavio','Barranco','torrentfelicia@barrio-carreras.com','#^ec2CNfu7',0),(1102,'Jose Ramn','Melndez','rosario94@hotmail.com','%Co3fPNn8t',1),(1103,'Vanesa','Molina','maricela16@yahoo.com','!iWi5buW4_',0),(1104,'Ramn','Segu','villalobosbibiana@hotmail.com','ltHOUgQ*)6',0),(1105,'Raquel','Martin','gfernandez@gmail.com','DlG53N2t6@',0),(1106,'Dan','Ribas','tapiamar@tamarit.com','^2qIIau0w_',1),(1107,'Eric','Carlos','faustosilva@yahoo.com','t3I#mLkE^C',1),(1108,'Rosendo','Collado','bautistamateu@hotmail.com',')EU^r#bi2j',0),(1109,'Marcelino','Perea','nereidacorominas@yahoo.com','&YJzJDCs7k',1),(1110,'Domingo','Oller','fabian79@gmail.com','ciBDY_0v@3',0),(1111,'Manuel','Torrecilla','ainoa58@julia-blasco.net','&jEIc4yuU2',1),(1112,'Sandra','Clavero','belennicolas@chamorro-benitez.net','#5NQ1h(+yf',1),(1113,'Hilario','Bustamante','ereig@yahoo.com','7R0C3Xku^#',1),(1114,'Beatriz','Suarez','buenoignacio@yahoo.com','Sv!_x6IqM9',0),(1115,'Hortensia','Salmern','karino@hotmail.com','uI6qD@5q2_',1),(1116,'Clmaco','Pieiro','jovitajordan@hotmail.com','8B%l1APn^6',0),(1117,'Sol','Gras','allerzoraida@yahoo.com',')r2Wv3CRz2',1),(1118,'Apolonia','Ro','perezsevero@hotmail.com','Lv0pZOo06&',0),(1119,'Fausto','Vilaplana','rsalas@tovar-bonilla.org','(M_6w*NxyH',1),(1120,'Primitiva','Alegre','lidiacuervo@gmail.com','!0UAYYHtd0',0),(1121,'Andrs','Navarrete','atiliocabanillas@martorell.es','!LNGxa8i!5',1),(1122,'Telmo','Ro','eliasbonilla@yahoo.com','^8R4sgYfmz',0),(1123,'Regina','Goi','arreguimaria-teresa\n@vera-sarmiento.com','p)c@9Tt8EX',0),(1124,'Bartolom','Vicente','victorianomontes@losa.com','u2HVf7D3%(',0),(1125,'Ernesto','Manso','ojedaazahar@torrijos-murcia.es','hQ28XsJ%D_',0),(1126,'Zaida','Campillo','leopoldo14@yahoo.com','&z1LjqqsG9',1),(1127,'Elisabet','Bernad','alvarocolomer@chacon.es','Q@s2H^hh%&',1),(1128,'Eugenia','Verdejo','bboix@planas.org','3eSIPk7j$J',1),(1129,'Javier','Barbero','prudencia29@yahoo.com','#*zDKIfsX2',0),(1130,'Duilio','Mateos','susana25@rodriguez-campillo.com','+a58^P3H8^',1),(1131,'Eliana','Valle','carina27@gmail.com','J^%q3Yt^Y(',0),(1132,'Andrea','Toms','xpina@blazquez-barco.com','f9ZwvZd7^9',1),(1133,'Gilberto','Sanabria','pacifica08@gmail.com','p!4G5#rMmV',1),(1134,'Piedad','Navarrete','eliasmiriam@yahoo.com','ep)AdDZH%3',0),(1135,'Agustn','Aguilar','morillocosme@calvet.org','ngDxPVTj^2',1),(1136,'Custodia','Salom','qserra@lobato-hernando.net','_53KKpIl1Z',1),(1137,'Agustina','Baena','ubastida@iniguez.net','%_Hv8^Xty8',0),(1138,'Roco','Barn','carbovilma@vicens-izquierdo.com','32(jB_Ai)#',0),(1139,'Mnica','Moles','martinbarranco@boix-checa.es','$3GRl($zQ)',0),(1140,'Nacio','Acua','maria-carmen71@gmail.com','0(qIR3az*l',0),(1141,'Anastasio','Cabrero','feliunicanor@hotmail.com','mHT#6UloSV',0),(1142,'Crescencia','Corral','nicolaualicia@yahoo.com','!0RYwL&q43',1),(1143,'Reina','Carbajo','robledosalomon@gmail.com','9Q!63Koc7v',1),(1144,'Leandro','Pereira','miguelaborja@gmail.com','Qb9C&TiWu(',0),(1145,'Judith','Galvn','dariosalas@gmail.com','4520Bn$y*(',0),(1146,'Maximiliano','Font','montanahumberto@lobo.com','Xo!N0HIedr',1),(1147,'Eva','Reina','herreroana-sofia@godoy.com','!2zL)pfv!8',0),(1148,'Estela','Seco','leonor73@hotmail.com',')xOqmD!_F5',0),(1149,'Cecilio','Caizares','fcolom@gmail.com','T5jtIg8m_1',1),(1150,'Vasco','Crdenas','soledad16@yahoo.com','P%%xW4Fqsx',1),(1151,'Coral','Redondo','juanitamorell@hotmail.com','ogA@0J1b!q',0),(1152,'Alfredo','Tur','julian97@vargas.com','l@x6U7uM9M',1),(1153,'Lourdes','Tejada','esperanzasantos@cardenas.org','8hkLcS+B$o',1),(1154,'Valero','Cid','chelotomas@sola-borras.com','_KASSg7iA1',1),(1155,'Felix','Ibarra','onofre77@gmail.com','Ujt$1Qtkz^',0),(1156,'Guadalupe','Morante','javiercamara@hotmail.com','X#Yi3xi&^0',0),(1157,'Ruy','Morata','floraaramburu@yahoo.com',')lu^HM(l32',0),(1158,'gata','Tapia','eloisa83@bartolome.com','D(8VkxwQ!2',1),(1159,'Cintia','Perera','eutimio90@palomar.com','&L6ZVFkpbR',1),(1160,'Amor','Talavera','mateooctavia@gmail.com','I&#1WWAhDq',1),(1161,'Gabriela','Samper','turclaudio@yahoo.com','^51Q7DZ3!t',1),(1162,'Jonatan','Sim','abonilla@francisco.com','(0GWoVtrWm',0),(1163,'Ramn','Burgos','barberomaria-jesus@hotmail.com','J^7PsBe#+h',0),(1164,'Celestina','Ros','mohamed34@yahoo.com','zx5TMreQb_',0),(1165,'Azahar','Pieiro','fernando15@villanueva.com','14YiYnQt^s',0),(1166,'Teresa','Jordn','dferran@hotmail.com','!MOAm+q*e6',1),(1167,'Fernanda','Lillo','heriberto31@gmail.com','*x9UI1tF@6',0),(1168,'Edelmira','Hurtado','benita02@gmail.com','X0$Y)7Cx)c',1),(1169,'Chita','Bueno','porfiriocobo@losada.org','(#8)Xyiwr!',1),(1170,'Lus','Diego','wnarvaez@cardona.org','j4A$0yEnKY',1),(1171,'Remedios','Ramirez','terrongracia@solis-angulo.com','*3FbH8BE*c',1),(1172,'Luciana','Naranjo','isidoracanovas@villena.es','$3NiJCRo*K',0),(1173,'Pacfica','Zamorano','obernad@esparza.es','f2HmL2Up$g',1),(1174,'Gregorio','Llorens','bartolome02@yahoo.com','@RzPK6lVF1',0),(1175,'Xiomara','Valle','ignacialaguna@galindo-abellan.org','(bZndh&g4k',0),(1176,'Anabel','Ayala','agustingoicoechea@olmo.es','Z!Z0%Vb#VF',0),(1177,'Flavio','Arcos','garrigamarisol@hotmail.com','6jI!4I9llZ',1),(1178,'gueda','Santana','sabaterfelisa@gmail.com','*+2WAh)pks',1),(1179,'Nicols','Lled','jose-francisco82@andreu-boada.es','M9^3OmZkTy',0),(1180,'Julio Csar','Acero','priegoponcio@aparicio.org','&24Xs(Tr!i',1),(1181,'Pepe','Porta','xalemany@hotmail.com','_1SA+It$#E',0),(1182,'Azahar','Lucas','hernandojuan-bautista@yahoo.com','^P(2aWcEN^',1),(1183,'Ruben','Gomez','xiomaracastillo@quintana-palomar.es','ZqmW$o&j$9',0),(1184,'Fernanda','Estrada','ester52@canellas.es','IvXuk^6c%4',0),(1185,'Glauco','Ferrndez','susanitapenalver@casas.es','_K1!loEe(7',0),(1186,'Tiburcio','Nogueira','mayojulieta@yahoo.com','8Pnk#8Ey59',1),(1187,'Ainoa','Quesada','bolanosinocencio@blanco.es','YS&h2yPi&F',0),(1188,'Eduardo','Corominas','croman@ramon.es','d3ChP$ox!#',0),(1189,'Marisela','Comas','dsosa@exposito.org','B5BDlxey*F',0),(1190,'Carlota','Pacheco','ruedajose@lopez.com','u7Ak)hMi+l',0),(1191,'Hilario','Blzquez','afuertes@yahoo.com','+4R2Ydj@tj',1),(1192,'Samanta','Robledo','mrueda@aguirre.es','bfw1KZof%&',0),(1193,'Danilo','Real','adrian87@hotmail.com','#4Oh)mhG^T',0),(1194,'Bernab','Leal','hipolito50@ugarte-garcia.org','%s3MakObHo',0),(1195,'Nazaret','Martin','acerosabina@yahoo.com','!n4XOsyzaY',0),(1196,'Desiderio','Hervia','bernardo07@reguera.com','JWE0I8uuw_',0),(1197,'Beatriz','Robledo','roldanmarin@hotmail.com','pA1tTU&x@D',1),(1198,'Elosa','Armas','amadocastell@avila-martin.com','$TOc%ClY11',1),(1199,'Baltasar','Santamaria','maricruz06@gmail.com',')^Kgq8UmM@',0),(1200,'Lupita','Bustamante','upalma@uria.com','AwPw5P3u5(',0),(1201,'Lus','Mulet','abiliogomez@andres-morales.es','1+q5VvIrJ)',1),(1202,'Imelda','Garmendia','telmo10@yahoo.com','U+7w0Zh4#v',1),(1205,'Eduardo','Valenzuela','eduardo.tetris@gmail.com','pbkdf2:sha256:1000000$NZWzYN9C$053cf95b4b493f77cdfe591cbbcce075e24cd6d949c508540db11bbe6adb678d',0),(1206,'Taylor','Swift','taylorallisonswift@gmail.com','pbkdf2:sha256:1000000$B539Loe8$3d4e7529b12aeda0f6898591b9c9348f5bfcb891c3f6df41e13a74899fbd2241',0),(1207,'Pruebas','del CRM','pruebas@test.net','pbkdf2:sha256:1000000$UjEFvl6w$d0590033ff653b9e750e4cc0816457b4f9383d03bc619907c06e848a64b9732b',0),(1208,'Las pruebas','ha de ser','fncvienviei@gmail.com','pbkdf2:sha256:1000000$sN56TVyM$bc17ac3fc22965514773c63d103b65e713d00bd4f70ccd9eeb0f7bb92babfe06',0),(1209,'Test','User','test_75dbf3bf@mail.com','pbkdf2:sha256:1000000$I89v2bIW$0704737a669e076a6a694acac47ec0a475e6cb0263cd63fe3a0109c8b28e4873',0),(1210,'Test','User','duplicado@prueba.com','pbkdf2:sha256:1000000$D1PfQjPB$4e934baa512f693e3b9748ceaf92a9f932282d18c47c9ac310422dd7d5d2a9fa',0),(1211,'Test','User','test_6e206626@mail.com','pbkdf2:sha256:1000000$CsQSnhSu$47c0fe08c54f8c00cbbd3ca0ad358f2a205b144a065b980b60279029ec2351da',0),(1212,'Test','User','test_ff11cc97@mail.com','pbkdf2:sha256:1000000$NovIcUOy$8d863fd44edab1acfd0315faa2aad336079944eb209e469f5b908f220e63a352',0),(1213,'Test','User','test_42952822@mail.com','pbkdf2:sha256:1000000$KDsIciaH$17c9710fa510feeba482b9f1d61e3e9ebe7f655762715bc51567e5beca03b34b',0),(1214,'Test','User','test_b8d1228e@mail.com','pbkdf2:sha256:1000000$XfGMfPtT$44f41d98634a17deb3b68f27bf5f4cfddeebe51e9d723a8a2881c924aeaf5388',0),(1215,'Test','User','test_dd2ccac7@mail.com','pbkdf2:sha256:1000000$KHkd5qkv$5737303b1c39cf97ff918a3d46b247d03619ec646ad6c6324dd97681e95510f4',0),(1216,'Test','User','test_a07365c2@mail.com','pbkdf2:sha256:1000000$sFjFHxPl$1a54f8bc154c91c44950e236ac7f4e1c0a72cf78d61beec6359c44582f7ae13b',0),(1217,'Test','User','test_86596e83@mail.com','pbkdf2:sha256:1000000$jhfXwrmC$28170bbafc985cf7152361dae6aae61692b4b4d5162e327eb23b29e567e2d551',0),(1218,'Test','User','test_6cf08d5b@mail.com','pbkdf2:sha256:1000000$CAMUoOnj$e15f77eab971dee934be09e4da8c21235e9910687a29e39997e52dcaa8d788d5',0),(1219,'Crema desodorante','del ro','cremadesodorante@gmail.com','pbkdf2:sha256:1000000$ylq1TI7N$a9f7fb3c1ea0c57ec9ee7d598a7fb79e8e39182bbafa49293e76918465eb0f9a',0),(1220,'Test','User','test_5205bd7a@mail.com','pbkdf2:sha256:1000000$zL9IS6pS$e15d7c7a773e18965d3bb77f8127357401f184247d5c4dd5042ed3078a2ece09',0);
/*!40000 ALTER TABLE `usuarios` ENABLE KEYS */;
UNLOCK TABLES;

--
-- Table structure for table `ventas`
--

DROP TABLE IF EXISTS `ventas`;
/*!40101 SET @saved_cs_client     = @@character_set_client */;
/*!50503 SET character_set_client = utf8mb4 */;
CREATE TABLE `ventas` (
  `venta_id` int NOT NULL AUTO_INCREMENT,
  `usuario_id` int NOT NULL,
  `fecha` date NOT NULL,
  `total` float NOT NULL,
  `cantidad_art` int NOT NULL,
  PRIMARY KEY (`venta_id`),
  KEY `usuario_id` (`usuario_id`),
  CONSTRAINT `ventas_ibfk_1` FOREIGN KEY (`usuario_id`) REFERENCES `usuarios` (`usuario_id`)
) ENGINE=InnoDB AUTO_INCREMENT=1240 DEFAULT CHARSET=utf8mb4 COLLATE=utf8mb4_unicode_ci;
/*!40101 SET character_set_client = @saved_cs_client */;

--
-- Dumping data for table `ventas`
--

LOCK TABLES `ventas` WRITE;
/*!40000 ALTER TABLE `ventas` DISABLE KEYS */;
INSERT INTO `ventas` VALUES (1,774,'2024-07-02',710.91,7),(5,1,'2024-02-14',190.5,2),(7,14,'2024-04-24',1220.65,9),(13,49,'2024-02-26',451.35,4),(15,37,'2024-02-02',1785.13,10),(17,29,'2024-05-20',479.97,5),(18,43,'2024-06-19',752.14,6),(19,48,'2024-03-12',120.2,2),(20,6,'2024-06-23',1086.77,8),(21,26,'2024-02-13',340.2,4),(24,2,'2024-03-06',1033.21,9),(26,30,'2024-03-11',972.8,6),(27,5,'2024-06-16',770,6),(28,30,'2024-07-19',646,6),(29,23,'2024-01-29',1276.58,9),(36,7,'2024-06-01',1024.95,10),(37,11,'2024-05-11',630,3),(38,45,'2024-02-09',598.7,6),(41,9,'2024-05-21',272.25,3),(42,41,'2024-05-18',524.9,4),(43,30,'2024-06-14',264.3,4),(44,43,'2024-03-10',1112.47,4),(45,17,'2024-01-27',362.45,3),(46,5,'2024-02-01',2576.97,15),(48,9,'2024-07-08',993.25,10),(49,49,'2024-05-04',669.68,5),(50,40,'2024-03-30',1239.35,9),(51,10,'2024-06-05',802.03,8),(52,24,'2024-02-10',1485,9),(57,37,'2024-02-03',745.99,3),(58,34,'2024-07-06',495.45,6),(59,17,'2024-02-19',79.99,1),(63,23,'2024-04-26',1775.75,12),(64,4,'2024-03-08',1159.77,8),(65,45,'2024-03-07',286.95,2),(67,21,'2024-03-14',403.5,3),(70,15,'2024-06-02',880.65,6),(71,21,'2024-01-22',443.1,5),(73,43,'2024-03-16',1011.9,9),(74,47,'2024-03-24',800.1,6),(76,50,'2024-03-05',681.6,5),(78,26,'2024-03-10',1311.98,7),(81,39,'2024-04-01',1441.55,9),(82,8,'2024-06-13',420,2),(83,50,'2024-06-06',403.62,5),(84,9,'2024-05-22',657.35,7),(85,20,'2024-07-11',815.1,6),(86,42,'2024-06-05',1743.5,10),(87,45,'2024-07-12',1013.1,7),(88,25,'2024-05-28',512.8,5),(89,15,'2024-04-16',955.74,6),(90,46,'2024-06-07',1291.96,7),(92,26,'2024-02-09',1086.55,8),(95,17,'2024-03-16',180.3,3),(96,3,'2024-07-13',774.87,6),(97,3,'2024-05-05',1387.55,13),(99,8,'2024-07-12',738.15,6),(102,13,'2024-04-23',836.1,8),(103,8,'2024-05-01',1000.6,10),(104,7,'2024-01-21',1102.3,7),(106,13,'2024-03-04',749.9,9),(107,4,'2024-02-15',181.5,2),(108,29,'2024-06-14',231.49,3),(109,22,'2024-06-04',1199.7,6),(114,25,'2024-02-19',371.69,5),(116,16,'2024-06-25',773.85,6),(117,25,'2024-03-08',404.15,4),(118,24,'2024-05-30',145,2),(122,18,'2024-05-21',863.43,9),(123,12,'2024-06-27',330,3),(125,21,'2024-04-15',984.85,8),(127,32,'2024-04-30',1250.57,9),(129,3,'2024-05-29',490.25,8),(131,50,'2024-07-01',255.2,3),(135,50,'2024-05-02',348.27,4),(136,13,'2024-05-13',1172.37,9),(137,37,'2024-01-20',72.5,1),(138,44,'2024-06-28',321.7,4),(140,43,'2024-04-14',120.2,2),(141,43,'2024-03-06',868.84,6),(145,37,'2024-03-05',1547.24,10),(147,30,'2024-06-12',1562.28,10),(148,33,'2024-02-26',429.98,5),(149,31,'2024-06-30',330.17,5),(151,2,'2024-04-03',181.5,2),(152,45,'2024-06-02',1549.28,10),(153,27,'2024-06-12',1368.9,9),(154,30,'2024-01-20',599.97,6),(156,37,'2024-04-06',220,2),(158,18,'2024-04-19',272.25,3),(159,6,'2024-05-15',213,2),(161,49,'2024-04-24',1950.81,11),(166,1,'2024-05-14',1820.43,10),(168,5,'2024-03-30',437.7,3),(170,37,'2024-02-20',786.65,9),(171,43,'2024-02-21',785,6),(172,7,'2024-05-01',120.2,2),(173,10,'2024-05-06',1865.6,13),(174,41,'2024-01-25',725.25,6),(175,16,'2024-05-25',706.5,5),(177,6,'2024-02-12',1465.37,7),(178,38,'2024-07-03',789.59,5),(179,30,'2024-02-19',769.3,5),(180,11,'2024-01-28',618.55,5),(181,39,'2024-04-23',1409.19,9),(182,47,'2024-04-28',442.68,5),(183,16,'2024-04-25',1230.55,9),(184,6,'2024-03-25',1456.73,9),(185,1,'2024-02-13',1194.75,11),(186,38,'2024-06-03',762.78,7),(187,12,'2024-05-04',1178.78,8),(189,10,'2024-04-04',1575.1,13),(190,11,'2024-07-05',415.65,4),(193,46,'2024-06-30',838.7,5),(194,47,'2024-05-15',134.5,1),(197,31,'2024-06-29',400.3,5),(198,11,'2024-06-28',1014.9,5),(201,33,'2024-04-15',1406,10),(203,3,'2024-02-03',1009.15,6),(205,18,'2024-04-22',836.4,7),(209,37,'2024-06-15',619.3,5),(210,34,'2024-03-29',1069.28,8),(213,42,'2024-02-23',630,3),(215,17,'2024-02-28',587.1,4),(218,26,'2024-04-13',973.78,11),(222,25,'2024-03-05',1453.35,9),(224,30,'2024-03-10',1883.07,10),(226,48,'2024-03-14',405,3),(230,3,'2024-06-13',79.99,1),(231,43,'2024-02-18',49.99,1),(232,7,'2024-02-04',1622.94,9),(233,35,'2024-07-03',773.9,7),(234,47,'2024-07-08',438.27,4),(235,50,'2024-01-28',273.75,2),(236,32,'2024-06-03',421.47,5),(238,45,'2024-01-24',1085.55,8),(239,36,'2024-05-21',330,3),(242,20,'2024-03-22',901.3,7),(245,28,'2024-02-27',135,1),(247,17,'2024-07-01',969.68,12),(248,43,'2024-03-22',1568.43,11),(249,2,'2024-02-25',1066.05,10),(252,33,'2024-01-15',793.7,8),(253,14,'2024-05-25',695.65,8),(254,2,'2024-04-19',786.98,3),(256,16,'2024-04-01',1212.12,11),(258,22,'2024-06-08',1580.69,10),(259,31,'2024-03-16',1587.19,8),(261,1,'2024-07-04',1522.57,9),(264,27,'2024-03-04',1381.47,14),(270,15,'2024-02-29',291.8,2),(273,7,'2024-01-31',1458,9),(274,2,'2024-03-07',710.63,8),(275,10,'2024-04-05',198.3,1),(277,38,'2024-03-31',975.98,9),(279,40,'2024-07-17',1063.6,10),(281,14,'2024-04-29',901.7,5),(283,11,'2024-04-06',1170.5,8),(284,14,'2024-01-27',1061.63,9),(285,43,'2024-07-22',425.6,2),(290,12,'2024-01-21',784.09,7),(291,29,'2024-03-06',454.99,4),(293,7,'2024-04-06',1312.4,10),(295,4,'2024-02-26',239.97,3),(296,31,'2024-06-10',1009,7),(297,31,'2024-01-28',594.9,3),(299,32,'2024-01-31',819,7),(301,28,'2024-05-11',1213.77,7),(304,17,'2024-02-12',565.7,3),(305,1,'2024-03-22',792.72,10),(306,31,'2024-03-08',776.85,6),(308,37,'2024-03-06',145.9,1),(311,26,'2024-03-19',72.5,1),(313,33,'2024-05-11',917.18,7),(315,42,'2024-02-08',856.47,8),(316,20,'2024-01-21',647.4,6),(319,39,'2024-01-29',733.18,6),(320,9,'2024-02-02',457.35,3),(321,29,'2024-03-30',957.3,10),(322,15,'2024-02-26',149.97,3),(325,4,'2024-05-05',646.8,3),(326,6,'2024-01-19',819.3,7),(329,48,'2024-06-22',569.7,3),(330,35,'2024-02-13',451.79,2),(331,19,'2024-02-14',136.8,2),(333,41,'2024-06-05',1385.8,9),(336,29,'2024-02-18',903.75,9),(337,28,'2024-05-30',1647.84,10),(339,47,'2024-03-15',1566.5,11),(340,20,'2024-03-10',1010.6,7),(341,43,'2024-03-26',125.8,1),(346,37,'2024-07-01',816.57,7),(349,32,'2024-06-16',417.25,5),(352,2,'2024-06-26',396.6,2),(353,30,'2024-05-01',290.48,4),(357,6,'2024-02-12',761.98,3),(358,40,'2024-04-17',72.5,1),(359,45,'2024-03-11',902.9,9),(360,3,'2024-06-29',1554.13,9),(364,18,'2024-03-04',739.35,7),(366,1,'2024-06-07',99.98,2),(367,27,'2024-01-28',1115.55,9),(368,2,'2024-05-29',1303.37,8),(372,31,'2024-07-09',1179.43,8),(375,4,'2024-02-01',988.53,8),(377,41,'2024-01-18',1048.65,7),(378,5,'2024-03-12',726.6,5),(379,50,'2024-06-07',959.75,7),(381,45,'2024-03-29',1048.58,4),(382,18,'2024-07-21',351.05,3),(384,36,'2024-02-07',60.1,1),(385,11,'2024-05-27',895.75,8),(386,11,'2024-05-17',529.85,4),(389,41,'2024-04-22',573.42,9),(391,7,'2024-05-30',1098.18,9),(393,5,'2024-07-02',239.97,3),(395,48,'2024-04-21',924.23,5),(399,11,'2024-04-09',772.34,8),(401,16,'2024-02-13',620.6,5),(403,21,'2024-03-03',270.49,3),(405,24,'2024-03-25',861.98,3),(409,1,'2024-04-30',205.2,3),(412,35,'2024-03-14',137.19,2),(413,17,'2024-04-03',969.05,7),(415,29,'2024-05-21',814.9,5),(416,41,'2024-01-29',2192.82,11),(419,23,'2024-06-04',457.35,3),(422,45,'2024-04-03',125.8,1),(423,30,'2024-02-19',1115.78,8),(424,33,'2024-02-21',965.94,9),(428,16,'2024-03-24',190.5,2),(431,32,'2024-03-14',189.9,1),(433,48,'2024-03-08',545.9,6),(438,25,'2024-06-24',2281.67,10),(443,26,'2024-03-23',95.25,1),(444,5,'2024-06-01',660.07,8),(447,4,'2024-02-13',1026.1,5),(448,39,'2024-03-07',136.8,2),(449,8,'2024-07-07',145.9,1),(452,11,'2024-06-06',983.6,5),(456,28,'2024-02-07',1733.77,7),(458,13,'2024-07-06',1184.82,11),(459,2,'2024-04-16',275.55,4),(462,41,'2024-02-28',1087.06,11),(464,45,'2024-02-24',1484.75,10),(465,47,'2024-05-09',377.4,3),(467,40,'2024-06-29',873.15,5),(468,24,'2024-02-26',2010.55,11),(470,12,'2024-06-19',1384.13,11),(471,9,'2024-07-17',1086.95,10),(475,14,'2024-03-27',1080.45,8),(476,22,'2024-06-26',902.6,9),(478,4,'2024-05-21',618.4,7),(482,23,'2024-05-26',1145.8,8),(483,3,'2024-01-20',609.2,5),(489,43,'2024-04-20',1798.76,8),(493,49,'2024-01-25',830.8,7),(494,47,'2024-07-03',1501.8,10),(495,18,'2024-02-25',751.55,7),(498,36,'2024-02-07',1697.27,7),(504,47,'2024-05-29',1132.23,13),(506,18,'2024-04-06',599.4,5),(507,5,'2024-03-31',789.7,5),(508,34,'2024-05-30',991.35,9),(509,29,'2024-04-30',180.3,3),(510,46,'2024-04-19',189.9,1),(511,1,'2024-03-21',301.59,3),(512,41,'2024-02-03',1084.89,15),(515,28,'2024-06-02',1072.35,8),(517,13,'2024-06-15',418.92,7),(520,43,'2024-01-24',469.99,3),(521,22,'2024-04-25',1951.5,13),(524,8,'2024-01-16',170.1,2),(525,13,'2024-04-29',1162.85,7),(527,11,'2024-01-25',1668.07,7),(531,14,'2024-03-13',180.3,3),(533,42,'2024-02-08',1482.9,11),(534,10,'2024-06-10',1718.75,11),(537,25,'2024-03-17',1170.1,9),(539,13,'2024-07-18',206,2),(540,33,'2024-05-05',1293.7,8),(541,32,'2024-03-12',1336.28,13),(542,29,'2024-02-20',1358.92,12),(545,39,'2024-07-07',1347.05,8),(549,44,'2024-02-29',883.35,9),(553,48,'2024-07-14',652.4,7),(556,14,'2024-03-07',1038.49,8),(559,45,'2024-02-05',350.6,2),(560,9,'2024-01-30',87.2,1),(565,46,'2024-02-14',1077.95,5),(567,23,'2024-01-21',1027.9,8),(570,16,'2024-07-01',595.8,4),(571,18,'2024-04-21',564.3,6),(572,28,'2024-03-22',946.6,8),(573,49,'2024-05-03',894.04,8),(575,9,'2024-02-10',1063.68,7),(576,27,'2024-06-05',954.5,7),(577,19,'2024-03-08',792.7,4),(579,23,'2024-05-06',746.78,5),(580,42,'2024-05-21',864.1,9),(582,45,'2024-05-16',1359.65,9),(584,42,'2024-03-25',702.27,8),(586,32,'2024-07-09',190.5,2),(587,35,'2024-06-04',939.5,9),(589,33,'2024-06-04',239.65,2),(592,48,'2024-05-06',437.7,3),(593,32,'2024-03-21',1276.98,7),(596,3,'2024-05-29',210,1),(597,3,'2024-04-26',1074.87,12),(598,41,'2024-02-13',630,3),(607,12,'2024-05-18',938.64,8),(608,1,'2024-05-12',1076.4,10),(610,42,'2024-06-19',755.58,10),(612,43,'2024-06-01',702.34,9),(616,32,'2024-06-08',1313.19,7),(617,25,'2024-05-12',2049.42,11),(619,7,'2024-01-31',500.74,5),(623,12,'2024-02-12',379.8,2),(627,27,'2024-03-20',1197.85,9),(630,1,'2024-06-24',1298.78,5),(632,22,'2024-03-28',1759.33,11),(634,15,'2024-05-07',87.2,1),(635,27,'2024-07-11',830.25,7),(637,12,'2024-04-16',354.15,4),(641,7,'2024-02-25',298.35,2),(642,8,'2024-03-30',1533.28,9),(646,29,'2024-02-11',1097.15,8),(647,22,'2024-05-06',858.08,8),(649,48,'2024-01-28',159.98,2),(651,27,'2024-04-18',290.48,4),(654,48,'2024-07-09',1387.38,10),(659,15,'2024-05-13',173.75,2),(660,2,'2024-03-10',1021.79,6),(662,12,'2024-03-13',749.2,6),(663,38,'2024-02-29',291.8,2),(664,23,'2024-03-10',554.25,6),(669,38,'2024-06-05',646.8,3),(670,14,'2024-03-25',1531.02,11),(673,18,'2024-02-06',174.4,2),(674,42,'2024-03-17',738.09,6),(676,19,'2024-04-29',251.6,2),(679,14,'2024-04-25',1101.75,9),(680,29,'2024-05-16',565.8,4),(681,12,'2024-06-28',649.78,5),(682,6,'2024-04-16',1140.15,9),(684,30,'2024-04-23',800.74,7),(685,26,'2024-04-16',766.2,6),(687,27,'2024-04-22',620.52,6),(688,3,'2024-06-12',386.6,3),(689,18,'2024-04-16',491.05,6),(690,17,'2024-03-10',436.8,4),(691,23,'2024-06-01',860.69,8),(692,32,'2024-03-30',310.7,4),(694,44,'2024-06-30',312.43,3),(697,26,'2024-06-06',1726.9,11),(698,10,'2024-02-09',1594.3,11),(700,33,'2024-06-29',159.98,2),(701,49,'2024-05-11',627.79,6),(705,2,'2024-01-19',1705.22,11),(706,29,'2024-01-31',418.15,4),(708,1,'2024-02-16',769.09,4),(711,4,'2024-03-26',1536.5,11),(712,23,'2024-01-27',933,7),(714,20,'2024-05-01',757.19,3),(716,20,'2024-05-25',972.85,7),(718,38,'2024-06-23',403.5,3),(719,29,'2024-03-05',958.95,10),(720,17,'2024-07-01',372.95,4),(723,46,'2024-07-05',619.1,6),(725,48,'2024-03-07',315.58,3),(728,1,'2024-03-11',210,1),(729,12,'2024-04-27',882.38,7),(730,17,'2024-04-09',120.2,2),(731,44,'2024-02-14',746.78,5),(734,16,'2024-07-01',569.7,3),(735,15,'2024-05-05',90.75,1),(736,8,'2024-04-26',638.8,8),(738,40,'2024-02-04',417.38,5),(740,44,'2024-02-26',1481.62,7),(741,12,'2024-01-25',381.8,5),(743,44,'2024-07-07',406.6,5),(744,22,'2024-03-05',1248.85,12),(748,24,'2024-02-06',685.9,6),(749,42,'2024-02-20',239.97,3),(753,41,'2024-04-11',1304.7,8),(754,44,'2024-01-24',645.9,5),(755,19,'2024-03-20',149.97,3),(757,6,'2024-07-10',431.2,2),(758,13,'2024-02-06',473.07,7),(763,11,'2024-06-27',1425.45,8),(764,40,'2024-02-21',330,3),(766,34,'2024-02-16',2268.73,12),(769,3,'2024-01-30',457.35,3),(770,10,'2024-02-04',491.45,7),(771,39,'2024-05-01',641.2,3),(772,31,'2024-05-07',939.67,8),(773,31,'2024-05-09',1338.05,10),(775,49,'2024-03-31',316.3,3),(776,8,'2024-03-30',379.1,4),(780,40,'2024-01-19',1167.5,11),(781,1,'2024-05-23',224.99,3),(782,45,'2024-06-04',1009.36,8),(783,48,'2024-04-20',1222.25,9),(788,43,'2024-04-15',302.42,4),(789,30,'2024-01-15',186,2),(790,3,'2024-02-09',251.6,2),(794,42,'2024-05-19',882.27,6),(796,4,'2024-06-15',520.6,4),(798,25,'2024-04-25',1336.57,11),(799,29,'2024-01-27',1745.28,11),(801,32,'2024-05-21',473.3,4),(804,36,'2024-03-11',205.2,3),(806,4,'2024-03-18',417.38,5),(807,20,'2024-07-05',1280.67,10),(808,43,'2024-04-04',736.2,6),(809,12,'2024-02-05',1233.55,7),(810,5,'2024-02-12',1177.7,8),(811,30,'2024-02-24',796.77,6),(812,43,'2024-06-09',685.15,6),(814,34,'2024-05-19',1273.8,8),(817,40,'2024-03-14',1467.95,8),(818,36,'2024-04-02',856.49,8),(820,18,'2024-06-05',122.49,2),(821,30,'2024-04-16',396.6,4),(822,48,'2024-02-12',367.5,4),(824,10,'2024-02-01',324.1,2),(827,38,'2024-04-08',437.7,3),(828,43,'2024-05-17',817.7,8),(829,42,'2024-07-09',929.95,10),(833,15,'2024-06-20',830.15,8),(836,46,'2024-03-06',471.98,6),(837,34,'2024-01-21',127.5,2),(838,22,'2024-02-19',1148.1,10),(839,28,'2024-06-13',444.25,3),(842,43,'2024-02-26',1638.45,10),(843,33,'2024-06-02',766.58,6),(847,42,'2024-03-17',930.65,8),(848,39,'2024-05-15',379,3),(853,3,'2024-04-16',681.6,5),(854,30,'2024-04-24',1054.8,10),(855,13,'2024-02-17',1028.35,7),(857,27,'2024-07-20',1021.96,5),(858,1,'2024-03-10',239.89,2),(861,37,'2024-06-05',976.8,6),(863,50,'2024-06-03',110,1),(868,45,'2024-06-28',68.4,1),(869,27,'2024-05-23',426,4),(871,30,'2024-06-15',594.9,3),(874,43,'2024-02-29',261.6,3),(877,46,'2024-02-18',388.2,2),(879,39,'2024-01-25',753.2,7),(880,50,'2024-02-06',1281.48,5),(881,42,'2024-03-29',431.2,2),(884,15,'2024-05-19',1287.79,7),(892,11,'2024-01-20',437.7,3),(893,39,'2024-04-15',1575.74,9),(894,30,'2024-01-15',475.8,5),(896,2,'2024-07-06',822.92,8),(897,13,'2024-07-14',935.3,7),(899,16,'2024-05-30',618.3,4),(900,23,'2024-04-17',655.73,6),(901,32,'2024-05-05',914.05,7),(902,17,'2024-07-03',99.98,2),(904,8,'2024-04-07',1253.68,9),(906,35,'2024-04-09',1077.5,9),(907,37,'2024-06-21',761.98,6),(909,39,'2024-02-01',552.47,8),(911,16,'2024-06-28',875.08,7),(913,50,'2024-04-24',189.9,1),(915,32,'2024-03-18',395.65,3),(916,20,'2024-02-04',1481.8,10),(917,3,'2024-07-01',962.2,7),(918,41,'2024-05-24',577.4,6),(919,29,'2024-04-15',1073.25,9),(923,34,'2024-03-18',1307.76,10),(924,39,'2024-06-21',397.5,3),(925,1,'2024-04-24',1675.82,9),(926,49,'2024-05-02',755.9,6),(928,27,'2024-07-06',958.39,7),(929,40,'2024-04-09',320.79,4),(930,48,'2024-02-05',885.49,9),(932,25,'2024-03-05',1067.1,10),(935,5,'2024-06-19',1898.47,12),(936,49,'2024-04-16',652.3,6),(937,43,'2024-04-12',1706.45,11),(939,21,'2024-07-17',260.8,2),(940,22,'2024-05-11',182.45,2),(942,41,'2024-05-19',414.29,4),(943,22,'2024-05-21',239.97,3),(944,28,'2024-07-17',652.55,5),(945,6,'2024-04-24',630,3),(946,28,'2024-07-14',137.19,2),(947,44,'2024-04-30',746.26,7),(948,29,'2024-06-21',657.7,8),(952,18,'2024-03-01',845,9),(953,45,'2024-04-02',377.4,3),(956,7,'2024-05-18',734.2,7),(959,4,'2024-01-18',198.75,2),(961,43,'2024-04-24',941.45,8),(963,15,'2024-04-18',239.14,3),(964,29,'2024-02-22',1344.34,11),(965,18,'2024-01-31',1158.47,10),(967,40,'2024-04-16',730.04,7),(969,35,'2024-02-05',437.7,3),(970,32,'2024-03-24',1283.34,9),(971,1,'2024-07-21',823.09,7),(973,41,'2024-04-20',633.83,8),(975,37,'2024-03-29',516.15,6),(976,13,'2024-07-17',617.43,6),(977,46,'2024-04-05',1199.2,6),(978,1,'2024-02-06',529.77,5),(979,39,'2024-03-02',2254.55,14),(982,32,'2024-05-23',1543.95,13),(983,34,'2024-05-30',536.3,4),(984,8,'2024-03-01',1089.35,9),(985,2,'2024-04-08',530,3),(986,29,'2024-04-17',269,2),(989,24,'2024-07-17',659.1,7),(990,48,'2024-03-21',1546.1,12),(991,35,'2024-03-22',1179.3,10),(996,44,'2024-03-27',1154.85,9),(998,26,'2024-06-28',63.75,1),(999,36,'2024-01-22',762.35,6),(1001,3,'2024-06-05',1489.08,10),(1003,36,'2024-07-02',1634.19,10),(1005,20,'2024-04-20',330,3),(1006,44,'2024-03-05',1467.48,9),(1007,38,'2024-03-07',996.5,6),(1010,8,'2024-04-28',413.98,5),(1011,34,'2024-06-22',1209.67,9),(1012,5,'2024-01-16',748.17,8),(1016,8,'2024-05-20',1840.21,11),(1017,44,'2024-04-04',903.87,9),(1018,24,'2024-02-21',1513.58,11),(1022,26,'2024-05-14',842.85,8),(1024,14,'2024-05-06',1699.36,9),(1026,5,'2024-07-13',1749.87,8),(1027,47,'2024-04-20',135,1),(1030,16,'2024-04-11',712.05,6),(1031,9,'2024-04-13',1126.6,7),(1033,46,'2024-05-19',375.65,3),(1034,19,'2024-07-22',663.15,6),(1037,18,'2024-01-22',1355,10),(1038,49,'2024-04-16',423.37,6),(1043,43,'2024-06-17',634.9,5),(1045,42,'2024-02-28',1588.25,12),(1048,48,'2024-02-07',425.45,4),(1049,4,'2024-01-28',1916.2,12),(1052,37,'2024-06-04',1127.35,8),(1053,7,'2024-04-09',1580.49,12),(1054,37,'2024-05-02',1126.67,8),(1056,43,'2024-06-11',110,1),(1058,20,'2024-03-26',714.7,7),(1059,47,'2024-05-11',1138.99,8),(1061,26,'2024-07-05',250.85,3),(1063,21,'2024-04-06',270.08,4),(1066,37,'2024-07-20',630,3),(1069,9,'2024-02-06',1204.05,9),(1070,36,'2024-06-01',781.1,5),(1071,45,'2024-06-05',325.99,1),(1072,43,'2024-06-13',802.33,7),(1074,28,'2024-02-24',60.1,1),(1076,23,'2024-04-07',559.8,3),(1079,29,'2024-03-08',737.88,7),(1081,22,'2024-06-17',578.1,3),(1085,26,'2024-07-08',800.6,6),(1088,34,'2024-02-17',437.7,3),(1090,6,'2024-02-05',272.25,3),(1091,2,'2024-02-29',1211.85,10),(1092,21,'2024-06-28',524.9,4),(1093,49,'2024-03-14',748.52,11),(1094,36,'2024-05-17',607.32,6),(1096,10,'2024-06-02',940.7,7),(1098,50,'2024-05-10',134.5,1),(1100,19,'2024-04-12',864.9,5),(1101,43,'2024-06-01',511.5,5),(1106,38,'2024-03-18',110,1),(1107,5,'2024-06-04',1192.15,11),(1108,28,'2024-05-21',490.08,5),(1110,36,'2024-03-24',782.4,6),(1111,38,'2024-04-02',850.68,6),(1113,3,'2024-01-31',325.99,1),(1114,38,'2024-04-06',1444.9,8),(1115,47,'2024-03-21',695.96,6),(1116,31,'2024-01-17',1099.05,8),(1118,12,'2024-07-19',665.55,5),(1119,38,'2024-03-21',920.05,8),(1120,15,'2024-03-22',191.25,3),(1122,15,'2024-02-24',948.19,6),(1123,9,'2024-06-12',594.9,3),(1124,3,'2024-01-27',869.97,6),(1125,4,'2024-02-03',913.15,6),(1126,13,'2024-04-09',1651.47,8),(1128,39,'2024-04-18',145.9,1),(1129,35,'2024-04-20',591.85,4),(1130,5,'2024-05-16',646.65,5),(1131,50,'2024-06-20',210,1),(1135,30,'2024-06-14',888.6,10),(1139,50,'2024-04-30',559.45,6),(1145,41,'2024-07-19',1293.3,11),(1146,44,'2024-05-09',1386.08,8),(1148,2,'2024-06-26',498.2,3),(1149,31,'2024-03-06',1478.38,11),(1150,8,'2024-05-29',658.65,4),(1152,14,'2024-03-19',802.48,6),(1153,44,'2024-06-11',1171.05,9),(1156,38,'2024-02-06',60.1,1),(1159,25,'2024-06-10',1004.05,7),(1162,47,'2024-06-15',152.45,1),(1163,2,'2024-01-18',1170.27,9),(1167,44,'2024-06-23',310.75,3),(1170,40,'2024-06-03',1311.4,9),(1174,32,'2024-07-05',853.95,9),(1175,20,'2024-07-18',421.39,3),(1176,25,'2024-07-09',520.5,5),(1181,12,'2024-06-12',420,2),(1183,15,'2024-04-03',677.59,5),(1185,49,'2024-03-24',274.38,4),(1186,49,'2024-05-21',1047.94,9),(1188,16,'2024-04-18',728.3,4),(1191,11,'2024-02-16',486.4,4),(1193,19,'2024-07-21',190.5,2),(1211,1207,'2024-05-23',50,1),(1212,1207,'2024-05-23',50,1),(1213,1207,'2024-05-23',40,2),(1214,1207,'2024-05-23',60,2),(1216,1207,'2024-05-23',50,1),(1217,1207,'2024-05-23',50,1),(1218,1207,'2024-05-23',40,2),(1219,1207,'2024-05-23',60,2),(1221,1207,'2024-05-23',50,1),(1222,1207,'2024-05-23',50,1),(1223,1207,'2024-05-23',40,2),(1224,1207,'2024-05-23',60,2),(1227,1207,'2024-05-23',50,1),(1228,1207,'2024-05-23',50,1),(1229,1207,'2024-05-23',40,2),(1230,1207,'2024-05-23',60,2),(1232,1206,'2025-05-24',19999,100),(1233,1206,'2025-05-26',38736,288),(1234,1219,'2025-05-24',127467,505),(1235,1207,'2024-05-23',50,1),(1236,1207,'2024-05-23',50,1),(1237,1207,'2024-05-23',40,2),(1238,1207,'2024-05-23',60,2);
/*!40000 ALTER TABLE `ventas` ENABLE KEYS */;
UNLOCK TABLES;
/*!40103 SET TIME_ZONE=@OLD_TIME_ZONE */;

/*!40101 SET SQL_MODE=@OLD_SQL_MODE */;
/*!40014 SET FOREIGN_KEY_CHECKS=@OLD_FOREIGN_KEY_CHECKS */;
/*!40014 SET UNIQUE_CHECKS=@OLD_UNIQUE_CHECKS */;
/*!40101 SET CHARACTER_SET_CLIENT=@OLD_CHARACTER_SET_CLIENT */;
/*!40101 SET CHARACTER_SET_RESULTS=@OLD_CHARACTER_SET_RESULTS */;
/*!40101 SET COLLATION_CONNECTION=@OLD_COLLATION_CONNECTION */;
/*!40111 SET SQL_NOTES=@OLD_SQL_NOTES */;

-- Dump completed on 2025-05-25 17:33:35
